ID;Arquivo;Questao;Tipo;Origem;Referencias_tematicas;Fundamento_legal
P01-Q01;01_Portugues/Português 01 - Interpretação de Textos.html;1;Autoral — língua portuguesa;Material aprofundado do projeto [Gaby];"https://www.gov.br/inep/pt-br/areas-de-atuacao/avaliacao-e-exames-educacionais/saeb/matrizes-e-escalas; https://www.gov.br/cidades/pt-br/midia/documentos/pdf/manualderedacao.pdf";
P01-Q02;01_Portugues/Português 01 - Interpretação de Textos.html;2;Autoral — língua portuguesa;Material aprofundado do projeto [Gaby];"https://www.gov.br/inep/pt-br/areas-de-atuacao/avaliacao-e-exames-educacionais/saeb/matrizes-e-escalas; https://www.gov.br/cidades/pt-br/midia/documentos/pdf/manualderedacao.pdf";
P01-Q03;01_Portugues/Português 01 - Interpretação de Textos.html;3;Autoral — língua portuguesa;Material aprofundado do projeto [Gaby];"https://www.gov.br/inep/pt-br/areas-de-atuacao/avaliacao-e-exames-educacionais/saeb/matrizes-e-escalas; https://www.gov.br/cidades/pt-br/midia/documentos/pdf/manualderedacao.pdf";
P01-Q04;01_Portugues/Português 01 - Interpretação de Textos.html;4;Autoral — língua portuguesa;Material aprofundado do projeto [Gaby];"https://www.gov.br/inep/pt-br/areas-de-atuacao/avaliacao-e-exames-educacionais/saeb/matrizes-e-escalas; https://www.gov.br/cidades/pt-br/midia/documentos/pdf/manualderedacao.pdf";
P01-Q05;01_Portugues/Português 01 - Interpretação de Textos.html;5;Autoral — língua portuguesa;Material aprofundado do projeto [Gaby];"https://www.gov.br/inep/pt-br/areas-de-atuacao/avaliacao-e-exames-educacionais/saeb/matrizes-e-escalas; https://www.gov.br/cidades/pt-br/midia/documentos/pdf/manualderedacao.pdf";
P01-Q06;01_Portugues/Português 01 - Interpretação de Textos.html;6;Autoral — língua portuguesa;Material aprofundado do projeto [Gaby];"https://www.gov.br/inep/pt-br/areas-de-atuacao/avaliacao-e-exames-educacionais/saeb/matrizes-e-escalas; https://www.gov.br/cidades/pt-br/midia/documentos/pdf/manualderedacao.pdf";
P01-Q07;01_Portugues/Português 01 - Interpretação de Textos.html;7;Autoral — língua portuguesa;Material aprofundado do projeto [Gaby];"https://www.gov.br/inep/pt-br/areas-de-atuacao/avaliacao-e-exames-educacionais/saeb/matrizes-e-escalas; https://www.gov.br/cidades/pt-br/midia/documentos/pdf/manualderedacao.pdf";
P01-Q08;01_Portugues/Português 01 - Interpretação de Textos.html;8;Autoral — língua portuguesa;Material aprofundado do projeto [Gaby];"https://www.gov.br/inep/pt-br/areas-de-atuacao/avaliacao-e-exames-educacionais/saeb/matrizes-e-escalas; https://www.gov.br/cidades/pt-br/midia/documentos/pdf/manualderedacao.pdf";
P01-Q09;01_Portugues/Português 01 - Interpretação de Textos.html;9;Autoral — língua portuguesa;Material aprofundado do projeto [Gaby];"https://www.gov.br/inep/pt-br/areas-de-atuacao/avaliacao-e-exames-educacionais/saeb/matrizes-e-escalas; https://www.gov.br/cidades/pt-br/midia/documentos/pdf/manualderedacao.pdf";
P01-Q10;01_Portugues/Português 01 - Interpretação de Textos.html;10;Autoral — língua portuguesa;Material aprofundado do projeto [Gaby];"https://www.gov.br/inep/pt-br/areas-de-atuacao/avaliacao-e-exames-educacionais/saeb/matrizes-e-escalas; https://www.gov.br/cidades/pt-br/midia/documentos/pdf/manualderedacao.pdf";
P02-Q01;01_Portugues/Português 02 - Sinônimos, Antônimos e Relações de Sentido.html;1;Autoral — língua portuguesa;Material aprofundado do projeto [Gaby];"https://www.gov.br/inep/pt-br/areas-de-atuacao/avaliacao-e-exames-educacionais/saeb/matrizes-e-escalas; https://www.gov.br/cidades/pt-br/midia/documentos/pdf/manualderedacao.pdf";
P02-Q02;01_Portugues/Português 02 - Sinônimos, Antônimos e Relações de Sentido.html;2;Autoral — língua portuguesa;Material aprofundado do projeto [Gaby];"https://www.gov.br/inep/pt-br/areas-de-atuacao/avaliacao-e-exames-educacionais/saeb/matrizes-e-escalas; https://www.gov.br/cidades/pt-br/midia/documentos/pdf/manualderedacao.pdf";
P02-Q03;01_Portugues/Português 02 - Sinônimos, Antônimos e Relações de Sentido.html;3;Autoral — língua portuguesa;Material aprofundado do projeto [Gaby];"https://www.gov.br/inep/pt-br/areas-de-atuacao/avaliacao-e-exames-educacionais/saeb/matrizes-e-escalas; https://www.gov.br/cidades/pt-br/midia/documentos/pdf/manualderedacao.pdf";
P02-Q04;01_Portugues/Português 02 - Sinônimos, Antônimos e Relações de Sentido.html;4;Autoral — língua portuguesa;Material aprofundado do projeto [Gaby];"https://www.gov.br/inep/pt-br/areas-de-atuacao/avaliacao-e-exames-educacionais/saeb/matrizes-e-escalas; https://www.gov.br/cidades/pt-br/midia/documentos/pdf/manualderedacao.pdf";
P02-Q05;01_Portugues/Português 02 - Sinônimos, Antônimos e Relações de Sentido.html;5;Autoral — língua portuguesa;Material aprofundado do projeto [Gaby];"https://www.gov.br/inep/pt-br/areas-de-atuacao/avaliacao-e-exames-educacionais/saeb/matrizes-e-escalas; https://www.gov.br/cidades/pt-br/midia/documentos/pdf/manualderedacao.pdf";
P02-Q06;01_Portugues/Português 02 - Sinônimos, Antônimos e Relações de Sentido.html;6;Autoral — língua portuguesa;Material aprofundado do projeto [Gaby];"https://www.gov.br/inep/pt-br/areas-de-atuacao/avaliacao-e-exames-educacionais/saeb/matrizes-e-escalas; https://www.gov.br/cidades/pt-br/midia/documentos/pdf/manualderedacao.pdf";
P02-Q07;01_Portugues/Português 02 - Sinônimos, Antônimos e Relações de Sentido.html;7;Autoral — língua portuguesa;Material aprofundado do projeto [Gaby];"https://www.gov.br/inep/pt-br/areas-de-atuacao/avaliacao-e-exames-educacionais/saeb/matrizes-e-escalas; https://www.gov.br/cidades/pt-br/midia/documentos/pdf/manualderedacao.pdf";
P02-Q08;01_Portugues/Português 02 - Sinônimos, Antônimos e Relações de Sentido.html;8;Autoral — língua portuguesa;Material aprofundado do projeto [Gaby];"https://www.gov.br/inep/pt-br/areas-de-atuacao/avaliacao-e-exames-educacionais/saeb/matrizes-e-escalas; https://www.gov.br/cidades/pt-br/midia/documentos/pdf/manualderedacao.pdf";
P02-Q09;01_Portugues/Português 02 - Sinônimos, Antônimos e Relações de Sentido.html;9;Autoral — língua portuguesa;Material aprofundado do projeto [Gaby];"https://www.gov.br/inep/pt-br/areas-de-atuacao/avaliacao-e-exames-educacionais/saeb/matrizes-e-escalas; https://www.gov.br/cidades/pt-br/midia/documentos/pdf/manualderedacao.pdf";
P02-Q10;01_Portugues/Português 02 - Sinônimos, Antônimos e Relações de Sentido.html;10;Autoral — língua portuguesa;Material aprofundado do projeto [Gaby];"https://www.gov.br/inep/pt-br/areas-de-atuacao/avaliacao-e-exames-educacionais/saeb/matrizes-e-escalas; https://www.gov.br/cidades/pt-br/midia/documentos/pdf/manualderedacao.pdf";
P03-Q01;01_Portugues/Português 03 - Sentido Próprio e Figurado.html;1;Autoral — língua portuguesa;Material aprofundado do projeto [Gaby];"https://www.gov.br/inep/pt-br/areas-de-atuacao/avaliacao-e-exames-educacionais/saeb/matrizes-e-escalas; https://www.gov.br/cidades/pt-br/midia/documentos/pdf/manualderedacao.pdf";
P03-Q02;01_Portugues/Português 03 - Sentido Próprio e Figurado.html;2;Autoral — língua portuguesa;Material aprofundado do projeto [Gaby];"https://www.gov.br/inep/pt-br/areas-de-atuacao/avaliacao-e-exames-educacionais/saeb/matrizes-e-escalas; https://www.gov.br/cidades/pt-br/midia/documentos/pdf/manualderedacao.pdf";
P03-Q03;01_Portugues/Português 03 - Sentido Próprio e Figurado.html;3;Autoral — língua portuguesa;Material aprofundado do projeto [Gaby];"https://www.gov.br/inep/pt-br/areas-de-atuacao/avaliacao-e-exames-educacionais/saeb/matrizes-e-escalas; https://www.gov.br/cidades/pt-br/midia/documentos/pdf/manualderedacao.pdf";
P03-Q04;01_Portugues/Português 03 - Sentido Próprio e Figurado.html;4;Autoral — língua portuguesa;Material aprofundado do projeto [Gaby];"https://www.gov.br/inep/pt-br/areas-de-atuacao/avaliacao-e-exames-educacionais/saeb/matrizes-e-escalas; https://www.gov.br/cidades/pt-br/midia/documentos/pdf/manualderedacao.pdf";
P03-Q05;01_Portugues/Português 03 - Sentido Próprio e Figurado.html;5;Autoral — língua portuguesa;Material aprofundado do projeto [Gaby];"https://www.gov.br/inep/pt-br/areas-de-atuacao/avaliacao-e-exames-educacionais/saeb/matrizes-e-escalas; https://www.gov.br/cidades/pt-br/midia/documentos/pdf/manualderedacao.pdf";
P03-Q06;01_Portugues/Português 03 - Sentido Próprio e Figurado.html;6;Autoral — língua portuguesa;Material aprofundado do projeto [Gaby];"https://www.gov.br/inep/pt-br/areas-de-atuacao/avaliacao-e-exames-educacionais/saeb/matrizes-e-escalas; https://www.gov.br/cidades/pt-br/midia/documentos/pdf/manualderedacao.pdf";
P03-Q07;01_Portugues/Português 03 - Sentido Próprio e Figurado.html;7;Autoral — língua portuguesa;Material aprofundado do projeto [Gaby];"https://www.gov.br/inep/pt-br/areas-de-atuacao/avaliacao-e-exames-educacionais/saeb/matrizes-e-escalas; https://www.gov.br/cidades/pt-br/midia/documentos/pdf/manualderedacao.pdf";
P03-Q08;01_Portugues/Português 03 - Sentido Próprio e Figurado.html;8;Autoral — língua portuguesa;Material aprofundado do projeto [Gaby];"https://www.gov.br/inep/pt-br/areas-de-atuacao/avaliacao-e-exames-educacionais/saeb/matrizes-e-escalas; https://www.gov.br/cidades/pt-br/midia/documentos/pdf/manualderedacao.pdf";
P03-Q09;01_Portugues/Português 03 - Sentido Próprio e Figurado.html;9;Autoral — língua portuguesa;Material aprofundado do projeto [Gaby];"https://www.gov.br/inep/pt-br/areas-de-atuacao/avaliacao-e-exames-educacionais/saeb/matrizes-e-escalas; https://www.gov.br/cidades/pt-br/midia/documentos/pdf/manualderedacao.pdf";
P03-Q10;01_Portugues/Português 03 - Sentido Próprio e Figurado.html;10;Autoral — língua portuguesa;Material aprofundado do projeto [Gaby];"https://www.gov.br/inep/pt-br/areas-de-atuacao/avaliacao-e-exames-educacionais/saeb/matrizes-e-escalas; https://www.gov.br/cidades/pt-br/midia/documentos/pdf/manualderedacao.pdf";
P04-Q01;01_Portugues/Português 04 - Pontuação.html;1;Autoral — língua portuguesa;Material aprofundado do projeto [Gaby];"https://www.gov.br/cidades/pt-br/midia/documentos/pdf/manualderedacao.pdf; https://www.academia.org.br/nossa-lingua/busca-no-vocabulario";
P04-Q02;01_Portugues/Português 04 - Pontuação.html;2;Autoral — língua portuguesa;Material aprofundado do projeto [Gaby];"https://www.gov.br/cidades/pt-br/midia/documentos/pdf/manualderedacao.pdf; https://www.academia.org.br/nossa-lingua/busca-no-vocabulario";
P04-Q03;01_Portugues/Português 04 - Pontuação.html;3;Autoral — língua portuguesa;Material aprofundado do projeto [Gaby];"https://www.gov.br/cidades/pt-br/midia/documentos/pdf/manualderedacao.pdf; https://www.academia.org.br/nossa-lingua/busca-no-vocabulario";
P04-Q04;01_Portugues/Português 04 - Pontuação.html;4;Autoral — língua portuguesa;Material aprofundado do projeto [Gaby];"https://www.gov.br/cidades/pt-br/midia/documentos/pdf/manualderedacao.pdf; https://www.academia.org.br/nossa-lingua/busca-no-vocabulario";
P04-Q05;01_Portugues/Português 04 - Pontuação.html;5;Autoral — língua portuguesa;Material aprofundado do projeto [Gaby];"https://www.gov.br/cidades/pt-br/midia/documentos/pdf/manualderedacao.pdf; https://www.academia.org.br/nossa-lingua/busca-no-vocabulario";
P04-Q06;01_Portugues/Português 04 - Pontuação.html;6;Autoral — língua portuguesa;Material aprofundado do projeto [Gaby];"https://www.gov.br/cidades/pt-br/midia/documentos/pdf/manualderedacao.pdf; https://www.academia.org.br/nossa-lingua/busca-no-vocabulario";
P04-Q07;01_Portugues/Português 04 - Pontuação.html;7;Autoral — língua portuguesa;Material aprofundado do projeto [Gaby];"https://www.gov.br/cidades/pt-br/midia/documentos/pdf/manualderedacao.pdf; https://www.academia.org.br/nossa-lingua/busca-no-vocabulario";
P04-Q08;01_Portugues/Português 04 - Pontuação.html;8;Autoral — língua portuguesa;Material aprofundado do projeto [Gaby];"https://www.gov.br/cidades/pt-br/midia/documentos/pdf/manualderedacao.pdf; https://www.academia.org.br/nossa-lingua/busca-no-vocabulario";
P04-Q09;01_Portugues/Português 04 - Pontuação.html;9;Autoral — língua portuguesa;Material aprofundado do projeto [Gaby];"https://www.gov.br/cidades/pt-br/midia/documentos/pdf/manualderedacao.pdf; https://www.academia.org.br/nossa-lingua/busca-no-vocabulario";
P04-Q10;01_Portugues/Português 04 - Pontuação.html;10;Autoral — língua portuguesa;Material aprofundado do projeto [Gaby];"https://www.gov.br/cidades/pt-br/midia/documentos/pdf/manualderedacao.pdf; https://www.academia.org.br/nossa-lingua/busca-no-vocabulario";
P05-Q01;01_Portugues/Português 05 - Ortografia e Acentuação.html;1;Autoral — língua portuguesa;Material aprofundado do projeto [Gaby];"https://www.gov.br/cidades/pt-br/midia/documentos/pdf/manualderedacao.pdf; https://www.academia.org.br/nossa-lingua/busca-no-vocabulario";
P05-Q02;01_Portugues/Português 05 - Ortografia e Acentuação.html;2;Autoral — língua portuguesa;Material aprofundado do projeto [Gaby];"https://www.gov.br/cidades/pt-br/midia/documentos/pdf/manualderedacao.pdf; https://www.academia.org.br/nossa-lingua/busca-no-vocabulario";
P05-Q03;01_Portugues/Português 05 - Ortografia e Acentuação.html;3;Autoral — língua portuguesa;Material aprofundado do projeto [Gaby];"https://www.gov.br/cidades/pt-br/midia/documentos/pdf/manualderedacao.pdf; https://www.academia.org.br/nossa-lingua/busca-no-vocabulario";
P05-Q04;01_Portugues/Português 05 - Ortografia e Acentuação.html;4;Autoral — língua portuguesa;Material aprofundado do projeto [Gaby];"https://www.gov.br/cidades/pt-br/midia/documentos/pdf/manualderedacao.pdf; https://www.academia.org.br/nossa-lingua/busca-no-vocabulario";
P05-Q05;01_Portugues/Português 05 - Ortografia e Acentuação.html;5;Autoral — língua portuguesa;Material aprofundado do projeto [Gaby];"https://www.gov.br/cidades/pt-br/midia/documentos/pdf/manualderedacao.pdf; https://www.academia.org.br/nossa-lingua/busca-no-vocabulario";
P05-Q06;01_Portugues/Português 05 - Ortografia e Acentuação.html;6;Autoral — língua portuguesa;Material aprofundado do projeto [Gaby];"https://www.gov.br/cidades/pt-br/midia/documentos/pdf/manualderedacao.pdf; https://www.academia.org.br/nossa-lingua/busca-no-vocabulario";
P05-Q07;01_Portugues/Português 05 - Ortografia e Acentuação.html;7;Autoral — língua portuguesa;Material aprofundado do projeto [Gaby];"https://www.gov.br/cidades/pt-br/midia/documentos/pdf/manualderedacao.pdf; https://www.academia.org.br/nossa-lingua/busca-no-vocabulario";
P05-Q08;01_Portugues/Português 05 - Ortografia e Acentuação.html;8;Autoral — língua portuguesa;Material aprofundado do projeto [Gaby];"https://www.gov.br/cidades/pt-br/midia/documentos/pdf/manualderedacao.pdf; https://www.academia.org.br/nossa-lingua/busca-no-vocabulario";
P05-Q09;01_Portugues/Português 05 - Ortografia e Acentuação.html;9;Autoral — língua portuguesa;Material aprofundado do projeto [Gaby];"https://www.gov.br/cidades/pt-br/midia/documentos/pdf/manualderedacao.pdf; https://www.academia.org.br/nossa-lingua/busca-no-vocabulario";
P05-Q10;01_Portugues/Português 05 - Ortografia e Acentuação.html;10;Autoral — língua portuguesa;Material aprofundado do projeto [Gaby];"https://www.gov.br/cidades/pt-br/midia/documentos/pdf/manualderedacao.pdf; https://www.academia.org.br/nossa-lingua/busca-no-vocabulario";
P06-Q01;01_Portugues/Português 06 - Classes de Palavras.html;1;Autoral — língua portuguesa;Material aprofundado do projeto [Gaby];"https://www.gov.br/cidades/pt-br/midia/documentos/pdf/manualderedacao.pdf; https://www.academia.org.br/nossa-lingua/busca-no-vocabulario";
P06-Q02;01_Portugues/Português 06 - Classes de Palavras.html;2;Autoral — língua portuguesa;Material aprofundado do projeto [Gaby];"https://www.gov.br/cidades/pt-br/midia/documentos/pdf/manualderedacao.pdf; https://www.academia.org.br/nossa-lingua/busca-no-vocabulario";
P06-Q03;01_Portugues/Português 06 - Classes de Palavras.html;3;Autoral — língua portuguesa;Material aprofundado do projeto [Gaby];"https://www.gov.br/cidades/pt-br/midia/documentos/pdf/manualderedacao.pdf; https://www.academia.org.br/nossa-lingua/busca-no-vocabulario";
P06-Q04;01_Portugues/Português 06 - Classes de Palavras.html;4;Autoral — língua portuguesa;Material aprofundado do projeto [Gaby];"https://www.gov.br/cidades/pt-br/midia/documentos/pdf/manualderedacao.pdf; https://www.academia.org.br/nossa-lingua/busca-no-vocabulario";
P06-Q05;01_Portugues/Português 06 - Classes de Palavras.html;5;Autoral — língua portuguesa;Material aprofundado do projeto [Gaby];"https://www.gov.br/cidades/pt-br/midia/documentos/pdf/manualderedacao.pdf; https://www.academia.org.br/nossa-lingua/busca-no-vocabulario";
P06-Q06;01_Portugues/Português 06 - Classes de Palavras.html;6;Autoral — língua portuguesa;Material aprofundado do projeto [Gaby];"https://www.gov.br/cidades/pt-br/midia/documentos/pdf/manualderedacao.pdf; https://www.academia.org.br/nossa-lingua/busca-no-vocabulario";
P06-Q07;01_Portugues/Português 06 - Classes de Palavras.html;7;Autoral — língua portuguesa;Material aprofundado do projeto [Gaby];"https://www.gov.br/cidades/pt-br/midia/documentos/pdf/manualderedacao.pdf; https://www.academia.org.br/nossa-lingua/busca-no-vocabulario";
P06-Q08;01_Portugues/Português 06 - Classes de Palavras.html;8;Autoral — língua portuguesa;Material aprofundado do projeto [Gaby];"https://www.gov.br/cidades/pt-br/midia/documentos/pdf/manualderedacao.pdf; https://www.academia.org.br/nossa-lingua/busca-no-vocabulario";
P06-Q09;01_Portugues/Português 06 - Classes de Palavras.html;9;Autoral — língua portuguesa;Material aprofundado do projeto [Gaby];"https://www.gov.br/cidades/pt-br/midia/documentos/pdf/manualderedacao.pdf; https://www.academia.org.br/nossa-lingua/busca-no-vocabulario";
P06-Q10;01_Portugues/Português 06 - Classes de Palavras.html;10;Autoral — língua portuguesa;Material aprofundado do projeto [Gaby];"https://www.gov.br/cidades/pt-br/midia/documentos/pdf/manualderedacao.pdf; https://www.academia.org.br/nossa-lingua/busca-no-vocabulario";
P07-Q01;01_Portugues/Português 07 - Concordância Verbal e Nominal.html;1;Autoral — língua portuguesa;Material aprofundado do projeto [Gaby];"https://www.gov.br/cidades/pt-br/midia/documentos/pdf/manualderedacao.pdf; https://www.academia.org.br/nossa-lingua/busca-no-vocabulario";
P07-Q02;01_Portugues/Português 07 - Concordância Verbal e Nominal.html;2;Autoral — língua portuguesa;Material aprofundado do projeto [Gaby];"https://www.gov.br/cidades/pt-br/midia/documentos/pdf/manualderedacao.pdf; https://www.academia.org.br/nossa-lingua/busca-no-vocabulario";
P07-Q03;01_Portugues/Português 07 - Concordância Verbal e Nominal.html;3;Autoral — língua portuguesa;Material aprofundado do projeto [Gaby];"https://www.gov.br/cidades/pt-br/midia/documentos/pdf/manualderedacao.pdf; https://www.academia.org.br/nossa-lingua/busca-no-vocabulario";
P07-Q04;01_Portugues/Português 07 - Concordância Verbal e Nominal.html;4;Autoral — língua portuguesa;Material aprofundado do projeto [Gaby];"https://www.gov.br/cidades/pt-br/midia/documentos/pdf/manualderedacao.pdf; https://www.academia.org.br/nossa-lingua/busca-no-vocabulario";
P07-Q05;01_Portugues/Português 07 - Concordância Verbal e Nominal.html;5;Autoral — língua portuguesa;Material aprofundado do projeto [Gaby];"https://www.gov.br/cidades/pt-br/midia/documentos/pdf/manualderedacao.pdf; https://www.academia.org.br/nossa-lingua/busca-no-vocabulario";
P07-Q06;01_Portugues/Português 07 - Concordância Verbal e Nominal.html;6;Autoral — língua portuguesa;Material aprofundado do projeto [Gaby];"https://www.gov.br/cidades/pt-br/midia/documentos/pdf/manualderedacao.pdf; https://www.academia.org.br/nossa-lingua/busca-no-vocabulario";
P07-Q07;01_Portugues/Português 07 - Concordância Verbal e Nominal.html;7;Autoral — língua portuguesa;Material aprofundado do projeto [Gaby];"https://www.gov.br/cidades/pt-br/midia/documentos/pdf/manualderedacao.pdf; https://www.academia.org.br/nossa-lingua/busca-no-vocabulario";
P07-Q08;01_Portugues/Português 07 - Concordância Verbal e Nominal.html;8;Autoral — língua portuguesa;Material aprofundado do projeto [Gaby];"https://www.gov.br/cidades/pt-br/midia/documentos/pdf/manualderedacao.pdf; https://www.academia.org.br/nossa-lingua/busca-no-vocabulario";
P07-Q09;01_Portugues/Português 07 - Concordância Verbal e Nominal.html;9;Autoral — língua portuguesa;Material aprofundado do projeto [Gaby];"https://www.gov.br/cidades/pt-br/midia/documentos/pdf/manualderedacao.pdf; https://www.academia.org.br/nossa-lingua/busca-no-vocabulario";
P07-Q10;01_Portugues/Português 07 - Concordância Verbal e Nominal.html;10;Autoral — língua portuguesa;Material aprofundado do projeto [Gaby];"https://www.gov.br/cidades/pt-br/midia/documentos/pdf/manualderedacao.pdf; https://www.academia.org.br/nossa-lingua/busca-no-vocabulario";
P08-Q01;01_Portugues/Português 08 - Regência Verbal e Nominal.html;1;Autoral — língua portuguesa;Material aprofundado do projeto [Gaby];"https://www.gov.br/cidades/pt-br/midia/documentos/pdf/manualderedacao.pdf; https://www.academia.org.br/nossa-lingua/busca-no-vocabulario";
P08-Q02;01_Portugues/Português 08 - Regência Verbal e Nominal.html;2;Autoral — língua portuguesa;Material aprofundado do projeto [Gaby];"https://www.gov.br/cidades/pt-br/midia/documentos/pdf/manualderedacao.pdf; https://www.academia.org.br/nossa-lingua/busca-no-vocabulario";
P08-Q03;01_Portugues/Português 08 - Regência Verbal e Nominal.html;3;Autoral — língua portuguesa;Material aprofundado do projeto [Gaby];"https://www.gov.br/cidades/pt-br/midia/documentos/pdf/manualderedacao.pdf; https://www.academia.org.br/nossa-lingua/busca-no-vocabulario";
P08-Q04;01_Portugues/Português 08 - Regência Verbal e Nominal.html;4;Autoral — língua portuguesa;Material aprofundado do projeto [Gaby];"https://www.gov.br/cidades/pt-br/midia/documentos/pdf/manualderedacao.pdf; https://www.academia.org.br/nossa-lingua/busca-no-vocabulario";
P08-Q05;01_Portugues/Português 08 - Regência Verbal e Nominal.html;5;Autoral — língua portuguesa;Material aprofundado do projeto [Gaby];"https://www.gov.br/cidades/pt-br/midia/documentos/pdf/manualderedacao.pdf; https://www.academia.org.br/nossa-lingua/busca-no-vocabulario";
P08-Q06;01_Portugues/Português 08 - Regência Verbal e Nominal.html;6;Autoral — língua portuguesa;Material aprofundado do projeto [Gaby];"https://www.gov.br/cidades/pt-br/midia/documentos/pdf/manualderedacao.pdf; https://www.academia.org.br/nossa-lingua/busca-no-vocabulario";
P08-Q07;01_Portugues/Português 08 - Regência Verbal e Nominal.html;7;Autoral — língua portuguesa;Material aprofundado do projeto [Gaby];"https://www.gov.br/cidades/pt-br/midia/documentos/pdf/manualderedacao.pdf; https://www.academia.org.br/nossa-lingua/busca-no-vocabulario";
P08-Q08;01_Portugues/Português 08 - Regência Verbal e Nominal.html;8;Autoral — língua portuguesa;Material aprofundado do projeto [Gaby];"https://www.gov.br/cidades/pt-br/midia/documentos/pdf/manualderedacao.pdf; https://www.academia.org.br/nossa-lingua/busca-no-vocabulario";
P08-Q09;01_Portugues/Português 08 - Regência Verbal e Nominal.html;9;Autoral — língua portuguesa;Material aprofundado do projeto [Gaby];"https://www.gov.br/cidades/pt-br/midia/documentos/pdf/manualderedacao.pdf; https://www.academia.org.br/nossa-lingua/busca-no-vocabulario";
P08-Q10;01_Portugues/Português 08 - Regência Verbal e Nominal.html;10;Autoral — língua portuguesa;Material aprofundado do projeto [Gaby];"https://www.gov.br/cidades/pt-br/midia/documentos/pdf/manualderedacao.pdf; https://www.academia.org.br/nossa-lingua/busca-no-vocabulario";
P09-Q01;01_Portugues/Português 09 - Colocação Pronominal.html;1;Autoral — língua portuguesa;Material aprofundado do projeto [Gaby];"https://www.gov.br/cidades/pt-br/midia/documentos/pdf/manualderedacao.pdf; https://www.academia.org.br/nossa-lingua/busca-no-vocabulario";
P09-Q02;01_Portugues/Português 09 - Colocação Pronominal.html;2;Autoral — língua portuguesa;Material aprofundado do projeto [Gaby];"https://www.gov.br/cidades/pt-br/midia/documentos/pdf/manualderedacao.pdf; https://www.academia.org.br/nossa-lingua/busca-no-vocabulario";
P09-Q03;01_Portugues/Português 09 - Colocação Pronominal.html;3;Autoral — língua portuguesa;Material aprofundado do projeto [Gaby];"https://www.gov.br/cidades/pt-br/midia/documentos/pdf/manualderedacao.pdf; https://www.academia.org.br/nossa-lingua/busca-no-vocabulario";
P09-Q04;01_Portugues/Português 09 - Colocação Pronominal.html;4;Autoral — língua portuguesa;Material aprofundado do projeto [Gaby];"https://www.gov.br/cidades/pt-br/midia/documentos/pdf/manualderedacao.pdf; https://www.academia.org.br/nossa-lingua/busca-no-vocabulario";
P09-Q05;01_Portugues/Português 09 - Colocação Pronominal.html;5;Autoral — língua portuguesa;Material aprofundado do projeto [Gaby];"https://www.gov.br/cidades/pt-br/midia/documentos/pdf/manualderedacao.pdf; https://www.academia.org.br/nossa-lingua/busca-no-vocabulario";
P09-Q06;01_Portugues/Português 09 - Colocação Pronominal.html;6;Autoral — língua portuguesa;Material aprofundado do projeto [Gaby];"https://www.gov.br/cidades/pt-br/midia/documentos/pdf/manualderedacao.pdf; https://www.academia.org.br/nossa-lingua/busca-no-vocabulario";
P09-Q07;01_Portugues/Português 09 - Colocação Pronominal.html;7;Autoral — língua portuguesa;Material aprofundado do projeto [Gaby];"https://www.gov.br/cidades/pt-br/midia/documentos/pdf/manualderedacao.pdf; https://www.academia.org.br/nossa-lingua/busca-no-vocabulario";
P09-Q08;01_Portugues/Português 09 - Colocação Pronominal.html;8;Autoral — língua portuguesa;Material aprofundado do projeto [Gaby];"https://www.gov.br/cidades/pt-br/midia/documentos/pdf/manualderedacao.pdf; https://www.academia.org.br/nossa-lingua/busca-no-vocabulario";
P09-Q09;01_Portugues/Português 09 - Colocação Pronominal.html;9;Autoral — língua portuguesa;Material aprofundado do projeto [Gaby];"https://www.gov.br/cidades/pt-br/midia/documentos/pdf/manualderedacao.pdf; https://www.academia.org.br/nossa-lingua/busca-no-vocabulario";
P09-Q10;01_Portugues/Português 09 - Colocação Pronominal.html;10;Autoral — língua portuguesa;Material aprofundado do projeto [Gaby];"https://www.gov.br/cidades/pt-br/midia/documentos/pdf/manualderedacao.pdf; https://www.academia.org.br/nossa-lingua/busca-no-vocabulario";
P10-Q01;01_Portugues/Português 10 - Crase.html;1;Autoral — língua portuguesa;Material aprofundado do projeto [Gaby];"https://www.gov.br/cidades/pt-br/midia/documentos/pdf/manualderedacao.pdf; https://www.academia.org.br/nossa-lingua/busca-no-vocabulario";
P10-Q02;01_Portugues/Português 10 - Crase.html;2;Autoral — língua portuguesa;Material aprofundado do projeto [Gaby];"https://www.gov.br/cidades/pt-br/midia/documentos/pdf/manualderedacao.pdf; https://www.academia.org.br/nossa-lingua/busca-no-vocabulario";
P10-Q03;01_Portugues/Português 10 - Crase.html;3;Autoral — língua portuguesa;Material aprofundado do projeto [Gaby];"https://www.gov.br/cidades/pt-br/midia/documentos/pdf/manualderedacao.pdf; https://www.academia.org.br/nossa-lingua/busca-no-vocabulario";
P10-Q04;01_Portugues/Português 10 - Crase.html;4;Autoral — língua portuguesa;Material aprofundado do projeto [Gaby];"https://www.gov.br/cidades/pt-br/midia/documentos/pdf/manualderedacao.pdf; https://www.academia.org.br/nossa-lingua/busca-no-vocabulario";
P10-Q05;01_Portugues/Português 10 - Crase.html;5;Autoral — língua portuguesa;Material aprofundado do projeto [Gaby];"https://www.gov.br/cidades/pt-br/midia/documentos/pdf/manualderedacao.pdf; https://www.academia.org.br/nossa-lingua/busca-no-vocabulario";
P10-Q06;01_Portugues/Português 10 - Crase.html;6;Autoral — língua portuguesa;Material aprofundado do projeto [Gaby];"https://www.gov.br/cidades/pt-br/midia/documentos/pdf/manualderedacao.pdf; https://www.academia.org.br/nossa-lingua/busca-no-vocabulario";
P10-Q07;01_Portugues/Português 10 - Crase.html;7;Autoral — língua portuguesa;Material aprofundado do projeto [Gaby];"https://www.gov.br/cidades/pt-br/midia/documentos/pdf/manualderedacao.pdf; https://www.academia.org.br/nossa-lingua/busca-no-vocabulario";
P10-Q08;01_Portugues/Português 10 - Crase.html;8;Autoral — língua portuguesa;Material aprofundado do projeto [Gaby];"https://www.gov.br/cidades/pt-br/midia/documentos/pdf/manualderedacao.pdf; https://www.academia.org.br/nossa-lingua/busca-no-vocabulario";
P10-Q09;01_Portugues/Português 10 - Crase.html;9;Autoral — língua portuguesa;Material aprofundado do projeto [Gaby];"https://www.gov.br/cidades/pt-br/midia/documentos/pdf/manualderedacao.pdf; https://www.academia.org.br/nossa-lingua/busca-no-vocabulario";
P10-Q10;01_Portugues/Português 10 - Crase.html;10;Autoral — língua portuguesa;Material aprofundado do projeto [Gaby];"https://www.gov.br/cidades/pt-br/midia/documentos/pdf/manualderedacao.pdf; https://www.academia.org.br/nossa-lingua/busca-no-vocabulario";
M01-Q01;02_Matematica_Logica/Matemática 01 - Operações com Números Reais.html;1;Autoral — cálculo ou raciocínio;Material aprofundado do projeto [Gaby];"https://portaldaobmep.impa.br/index.php/modulo/index; https://www.obmep.org.br/docs/aritmetica.pdf";
M01-Q02;02_Matematica_Logica/Matemática 01 - Operações com Números Reais.html;2;Autoral — cálculo ou raciocínio;Material aprofundado do projeto [Gaby];"https://portaldaobmep.impa.br/index.php/modulo/index; https://www.obmep.org.br/docs/aritmetica.pdf";
M01-Q03;02_Matematica_Logica/Matemática 01 - Operações com Números Reais.html;3;Autoral — cálculo ou raciocínio;Material aprofundado do projeto [Gaby];"https://portaldaobmep.impa.br/index.php/modulo/index; https://www.obmep.org.br/docs/aritmetica.pdf";
M01-Q04;02_Matematica_Logica/Matemática 01 - Operações com Números Reais.html;4;Autoral — cálculo ou raciocínio;Material aprofundado do projeto [Gaby];"https://portaldaobmep.impa.br/index.php/modulo/index; https://www.obmep.org.br/docs/aritmetica.pdf";
M01-Q05;02_Matematica_Logica/Matemática 01 - Operações com Números Reais.html;5;Autoral — cálculo ou raciocínio;Material aprofundado do projeto [Gaby];"https://portaldaobmep.impa.br/index.php/modulo/index; https://www.obmep.org.br/docs/aritmetica.pdf";
M01-Q06;02_Matematica_Logica/Matemática 01 - Operações com Números Reais.html;6;Autoral — cálculo ou raciocínio;Material aprofundado do projeto [Gaby];"https://portaldaobmep.impa.br/index.php/modulo/index; https://www.obmep.org.br/docs/aritmetica.pdf";
M01-Q07;02_Matematica_Logica/Matemática 01 - Operações com Números Reais.html;7;Autoral — cálculo ou raciocínio;Material aprofundado do projeto [Gaby];"https://portaldaobmep.impa.br/index.php/modulo/index; https://www.obmep.org.br/docs/aritmetica.pdf";
M01-Q08;02_Matematica_Logica/Matemática 01 - Operações com Números Reais.html;8;Autoral — cálculo ou raciocínio;Material aprofundado do projeto [Gaby];"https://portaldaobmep.impa.br/index.php/modulo/index; https://www.obmep.org.br/docs/aritmetica.pdf";
M01-Q09;02_Matematica_Logica/Matemática 01 - Operações com Números Reais.html;9;Autoral — cálculo ou raciocínio;Material aprofundado do projeto [Gaby];"https://portaldaobmep.impa.br/index.php/modulo/index; https://www.obmep.org.br/docs/aritmetica.pdf";
M01-Q10;02_Matematica_Logica/Matemática 01 - Operações com Números Reais.html;10;Autoral — cálculo ou raciocínio;Material aprofundado do projeto [Gaby];"https://portaldaobmep.impa.br/index.php/modulo/index; https://www.obmep.org.br/docs/aritmetica.pdf";
M02-Q01;02_Matematica_Logica/Matemática 02 - MMC e MDC.html;1;Autoral — cálculo ou raciocínio;Material aprofundado do projeto [Gaby];"https://portaldaobmep.impa.br/index.php/modulo/ver?modulo=23; https://www.obmep.org.br/docs/aritmetica.pdf";
M02-Q02;02_Matematica_Logica/Matemática 02 - MMC e MDC.html;2;Autoral — cálculo ou raciocínio;Material aprofundado do projeto [Gaby];"https://portaldaobmep.impa.br/index.php/modulo/ver?modulo=23; https://www.obmep.org.br/docs/aritmetica.pdf";
M02-Q03;02_Matematica_Logica/Matemática 02 - MMC e MDC.html;3;Autoral — cálculo ou raciocínio;Material aprofundado do projeto [Gaby];"https://portaldaobmep.impa.br/index.php/modulo/ver?modulo=23; https://www.obmep.org.br/docs/aritmetica.pdf";
M02-Q04;02_Matematica_Logica/Matemática 02 - MMC e MDC.html;4;Autoral — cálculo ou raciocínio;Material aprofundado do projeto [Gaby];"https://portaldaobmep.impa.br/index.php/modulo/ver?modulo=23; https://www.obmep.org.br/docs/aritmetica.pdf";
M02-Q05;02_Matematica_Logica/Matemática 02 - MMC e MDC.html;5;Autoral — cálculo ou raciocínio;Material aprofundado do projeto [Gaby];"https://portaldaobmep.impa.br/index.php/modulo/ver?modulo=23; https://www.obmep.org.br/docs/aritmetica.pdf";
M02-Q06;02_Matematica_Logica/Matemática 02 - MMC e MDC.html;6;Autoral — cálculo ou raciocínio;Material aprofundado do projeto [Gaby];"https://portaldaobmep.impa.br/index.php/modulo/ver?modulo=23; https://www.obmep.org.br/docs/aritmetica.pdf";
M02-Q07;02_Matematica_Logica/Matemática 02 - MMC e MDC.html;7;Autoral — cálculo ou raciocínio;Material aprofundado do projeto [Gaby];"https://portaldaobmep.impa.br/index.php/modulo/ver?modulo=23; https://www.obmep.org.br/docs/aritmetica.pdf";
M02-Q08;02_Matematica_Logica/Matemática 02 - MMC e MDC.html;8;Autoral — cálculo ou raciocínio;Material aprofundado do projeto [Gaby];"https://portaldaobmep.impa.br/index.php/modulo/ver?modulo=23; https://www.obmep.org.br/docs/aritmetica.pdf";
M02-Q09;02_Matematica_Logica/Matemática 02 - MMC e MDC.html;9;Autoral — cálculo ou raciocínio;Material aprofundado do projeto [Gaby];"https://portaldaobmep.impa.br/index.php/modulo/ver?modulo=23; https://www.obmep.org.br/docs/aritmetica.pdf";
M02-Q10;02_Matematica_Logica/Matemática 02 - MMC e MDC.html;10;Autoral — cálculo ou raciocínio;Material aprofundado do projeto [Gaby];"https://portaldaobmep.impa.br/index.php/modulo/ver?modulo=23; https://www.obmep.org.br/docs/aritmetica.pdf";
M03-Q01;02_Matematica_Logica/Matemática 03 - Razão, Proporção e Regra de Três.html;1;Autoral — cálculo ou raciocínio;Material aprofundado do projeto [Gaby];https://portaldaobmep.impa.br/index.php/modulo/index;
M03-Q02;02_Matematica_Logica/Matemática 03 - Razão, Proporção e Regra de Três.html;2;Autoral — cálculo ou raciocínio;Material aprofundado do projeto [Gaby];https://portaldaobmep.impa.br/index.php/modulo/index;
M03-Q03;02_Matematica_Logica/Matemática 03 - Razão, Proporção e Regra de Três.html;3;Autoral — cálculo ou raciocínio;Material aprofundado do projeto [Gaby];https://portaldaobmep.impa.br/index.php/modulo/index;
M03-Q04;02_Matematica_Logica/Matemática 03 - Razão, Proporção e Regra de Três.html;4;Autoral — cálculo ou raciocínio;Material aprofundado do projeto [Gaby];https://portaldaobmep.impa.br/index.php/modulo/index;
M03-Q05;02_Matematica_Logica/Matemática 03 - Razão, Proporção e Regra de Três.html;5;Autoral — cálculo ou raciocínio;Material aprofundado do projeto [Gaby];https://portaldaobmep.impa.br/index.php/modulo/index;
M03-Q06;02_Matematica_Logica/Matemática 03 - Razão, Proporção e Regra de Três.html;6;Autoral — cálculo ou raciocínio;Material aprofundado do projeto [Gaby];https://portaldaobmep.impa.br/index.php/modulo/index;
M03-Q07;02_Matematica_Logica/Matemática 03 - Razão, Proporção e Regra de Três.html;7;Autoral — cálculo ou raciocínio;Material aprofundado do projeto [Gaby];https://portaldaobmep.impa.br/index.php/modulo/index;
M03-Q08;02_Matematica_Logica/Matemática 03 - Razão, Proporção e Regra de Três.html;8;Autoral — cálculo ou raciocínio;Material aprofundado do projeto [Gaby];https://portaldaobmep.impa.br/index.php/modulo/index;
M03-Q09;02_Matematica_Logica/Matemática 03 - Razão, Proporção e Regra de Três.html;9;Autoral — cálculo ou raciocínio;Material aprofundado do projeto [Gaby];https://portaldaobmep.impa.br/index.php/modulo/index;
M03-Q10;02_Matematica_Logica/Matemática 03 - Razão, Proporção e Regra de Três.html;10;Autoral — cálculo ou raciocínio;Material aprofundado do projeto [Gaby];https://portaldaobmep.impa.br/index.php/modulo/index;
M04-Q01;02_Matematica_Logica/Matemática 04 - Porcentagem e Juros Simples.html;1;Autoral — cálculo ou raciocínio;Material aprofundado do projeto [Gaby];https://portaldaobmep.impa.br/index.php/modulo/index;
M04-Q02;02_Matematica_Logica/Matemática 04 - Porcentagem e Juros Simples.html;2;Autoral — cálculo ou raciocínio;Material aprofundado do projeto [Gaby];https://portaldaobmep.impa.br/index.php/modulo/index;
M04-Q03;02_Matematica_Logica/Matemática 04 - Porcentagem e Juros Simples.html;3;Autoral — cálculo ou raciocínio;Material aprofundado do projeto [Gaby];https://portaldaobmep.impa.br/index.php/modulo/index;
M04-Q04;02_Matematica_Logica/Matemática 04 - Porcentagem e Juros Simples.html;4;Autoral — cálculo ou raciocínio;Material aprofundado do projeto [Gaby];https://portaldaobmep.impa.br/index.php/modulo/index;
M04-Q05;02_Matematica_Logica/Matemática 04 - Porcentagem e Juros Simples.html;5;Autoral — cálculo ou raciocínio;Material aprofundado do projeto [Gaby];https://portaldaobmep.impa.br/index.php/modulo/index;
M04-Q06;02_Matematica_Logica/Matemática 04 - Porcentagem e Juros Simples.html;6;Autoral — cálculo ou raciocínio;Material aprofundado do projeto [Gaby];https://portaldaobmep.impa.br/index.php/modulo/index;
M04-Q07;02_Matematica_Logica/Matemática 04 - Porcentagem e Juros Simples.html;7;Autoral — cálculo ou raciocínio;Material aprofundado do projeto [Gaby];https://portaldaobmep.impa.br/index.php/modulo/index;
M04-Q08;02_Matematica_Logica/Matemática 04 - Porcentagem e Juros Simples.html;8;Autoral — cálculo ou raciocínio;Material aprofundado do projeto [Gaby];https://portaldaobmep.impa.br/index.php/modulo/index;
M04-Q09;02_Matematica_Logica/Matemática 04 - Porcentagem e Juros Simples.html;9;Autoral — cálculo ou raciocínio;Material aprofundado do projeto [Gaby];https://portaldaobmep.impa.br/index.php/modulo/index;
M04-Q10;02_Matematica_Logica/Matemática 04 - Porcentagem e Juros Simples.html;10;Autoral — cálculo ou raciocínio;Material aprofundado do projeto [Gaby];https://portaldaobmep.impa.br/index.php/modulo/index;
M05-Q01;02_Matematica_Logica/Matemática 05 - Média Aritmética e Ponderada.html;1;Autoral — cálculo ou raciocínio;Material aprofundado do projeto [Gaby];https://portaldaobmep.impa.br/index.php/modulo/index;
M05-Q02;02_Matematica_Logica/Matemática 05 - Média Aritmética e Ponderada.html;2;Autoral — cálculo ou raciocínio;Material aprofundado do projeto [Gaby];https://portaldaobmep.impa.br/index.php/modulo/index;
M05-Q03;02_Matematica_Logica/Matemática 05 - Média Aritmética e Ponderada.html;3;Autoral — cálculo ou raciocínio;Material aprofundado do projeto [Gaby];https://portaldaobmep.impa.br/index.php/modulo/index;
M05-Q04;02_Matematica_Logica/Matemática 05 - Média Aritmética e Ponderada.html;4;Autoral — cálculo ou raciocínio;Material aprofundado do projeto [Gaby];https://portaldaobmep.impa.br/index.php/modulo/index;
M05-Q05;02_Matematica_Logica/Matemática 05 - Média Aritmética e Ponderada.html;5;Autoral — cálculo ou raciocínio;Material aprofundado do projeto [Gaby];https://portaldaobmep.impa.br/index.php/modulo/index;
M05-Q06;02_Matematica_Logica/Matemática 05 - Média Aritmética e Ponderada.html;6;Autoral — cálculo ou raciocínio;Material aprofundado do projeto [Gaby];https://portaldaobmep.impa.br/index.php/modulo/index;
M05-Q07;02_Matematica_Logica/Matemática 05 - Média Aritmética e Ponderada.html;7;Autoral — cálculo ou raciocínio;Material aprofundado do projeto [Gaby];https://portaldaobmep.impa.br/index.php/modulo/index;
M05-Q08;02_Matematica_Logica/Matemática 05 - Média Aritmética e Ponderada.html;8;Autoral — cálculo ou raciocínio;Material aprofundado do projeto [Gaby];https://portaldaobmep.impa.br/index.php/modulo/index;
M05-Q09;02_Matematica_Logica/Matemática 05 - Média Aritmética e Ponderada.html;9;Autoral — cálculo ou raciocínio;Material aprofundado do projeto [Gaby];https://portaldaobmep.impa.br/index.php/modulo/index;
M05-Q10;02_Matematica_Logica/Matemática 05 - Média Aritmética e Ponderada.html;10;Autoral — cálculo ou raciocínio;Material aprofundado do projeto [Gaby];https://portaldaobmep.impa.br/index.php/modulo/index;
M06-Q01;02_Matematica_Logica/Matemática 06 - Equações e Sistemas do 1º Grau.html;1;Autoral — cálculo ou raciocínio;Material aprofundado do projeto [Gaby];https://portaldaobmep.impa.br/index.php/modulo/index;
M06-Q02;02_Matematica_Logica/Matemática 06 - Equações e Sistemas do 1º Grau.html;2;Autoral — cálculo ou raciocínio;Material aprofundado do projeto [Gaby];https://portaldaobmep.impa.br/index.php/modulo/index;
M06-Q03;02_Matematica_Logica/Matemática 06 - Equações e Sistemas do 1º Grau.html;3;Autoral — cálculo ou raciocínio;Material aprofundado do projeto [Gaby];https://portaldaobmep.impa.br/index.php/modulo/index;
M06-Q04;02_Matematica_Logica/Matemática 06 - Equações e Sistemas do 1º Grau.html;4;Autoral — cálculo ou raciocínio;Material aprofundado do projeto [Gaby];https://portaldaobmep.impa.br/index.php/modulo/index;
M06-Q05;02_Matematica_Logica/Matemática 06 - Equações e Sistemas do 1º Grau.html;5;Autoral — cálculo ou raciocínio;Material aprofundado do projeto [Gaby];https://portaldaobmep.impa.br/index.php/modulo/index;
M06-Q06;02_Matematica_Logica/Matemática 06 - Equações e Sistemas do 1º Grau.html;6;Autoral — cálculo ou raciocínio;Material aprofundado do projeto [Gaby];https://portaldaobmep.impa.br/index.php/modulo/index;
M06-Q07;02_Matematica_Logica/Matemática 06 - Equações e Sistemas do 1º Grau.html;7;Autoral — cálculo ou raciocínio;Material aprofundado do projeto [Gaby];https://portaldaobmep.impa.br/index.php/modulo/index;
M06-Q08;02_Matematica_Logica/Matemática 06 - Equações e Sistemas do 1º Grau.html;8;Autoral — cálculo ou raciocínio;Material aprofundado do projeto [Gaby];https://portaldaobmep.impa.br/index.php/modulo/index;
M06-Q09;02_Matematica_Logica/Matemática 06 - Equações e Sistemas do 1º Grau.html;9;Autoral — cálculo ou raciocínio;Material aprofundado do projeto [Gaby];https://portaldaobmep.impa.br/index.php/modulo/index;
M06-Q10;02_Matematica_Logica/Matemática 06 - Equações e Sistemas do 1º Grau.html;10;Autoral — cálculo ou raciocínio;Material aprofundado do projeto [Gaby];https://portaldaobmep.impa.br/index.php/modulo/index;
M07-Q01;02_Matematica_Logica/Matemática 07 - Tabelas e Gráficos.html;1;Autoral — cálculo ou raciocínio;Material aprofundado do projeto [Gaby];https://portaldaobmep.impa.br/index.php/modulo/index;
M07-Q02;02_Matematica_Logica/Matemática 07 - Tabelas e Gráficos.html;2;Autoral — cálculo ou raciocínio;Material aprofundado do projeto [Gaby];https://portaldaobmep.impa.br/index.php/modulo/index;
M07-Q03;02_Matematica_Logica/Matemática 07 - Tabelas e Gráficos.html;3;Autoral — cálculo ou raciocínio;Material aprofundado do projeto [Gaby];https://portaldaobmep.impa.br/index.php/modulo/index;
M07-Q04;02_Matematica_Logica/Matemática 07 - Tabelas e Gráficos.html;4;Autoral — cálculo ou raciocínio;Material aprofundado do projeto [Gaby];https://portaldaobmep.impa.br/index.php/modulo/index;
M07-Q05;02_Matematica_Logica/Matemática 07 - Tabelas e Gráficos.html;5;Autoral — cálculo ou raciocínio;Material aprofundado do projeto [Gaby];https://portaldaobmep.impa.br/index.php/modulo/index;
M07-Q06;02_Matematica_Logica/Matemática 07 - Tabelas e Gráficos.html;6;Autoral — cálculo ou raciocínio;Material aprofundado do projeto [Gaby];https://portaldaobmep.impa.br/index.php/modulo/index;
M07-Q07;02_Matematica_Logica/Matemática 07 - Tabelas e Gráficos.html;7;Autoral — cálculo ou raciocínio;Material aprofundado do projeto [Gaby];https://portaldaobmep.impa.br/index.php/modulo/index;
M07-Q08;02_Matematica_Logica/Matemática 07 - Tabelas e Gráficos.html;8;Autoral — cálculo ou raciocínio;Material aprofundado do projeto [Gaby];https://portaldaobmep.impa.br/index.php/modulo/index;
M07-Q09;02_Matematica_Logica/Matemática 07 - Tabelas e Gráficos.html;9;Autoral — cálculo ou raciocínio;Material aprofundado do projeto [Gaby];https://portaldaobmep.impa.br/index.php/modulo/index;
M07-Q10;02_Matematica_Logica/Matemática 07 - Tabelas e Gráficos.html;10;Autoral — cálculo ou raciocínio;Material aprofundado do projeto [Gaby];https://portaldaobmep.impa.br/index.php/modulo/index;
M08-Q01;02_Matematica_Logica/Matemática 08 - Sistemas de Medidas.html;1;Autoral — cálculo ou raciocínio;Material aprofundado do projeto [Gaby];https://portaldaobmep.impa.br/index.php/modulo/index;
M08-Q02;02_Matematica_Logica/Matemática 08 - Sistemas de Medidas.html;2;Autoral — cálculo ou raciocínio;Material aprofundado do projeto [Gaby];https://portaldaobmep.impa.br/index.php/modulo/index;
M08-Q03;02_Matematica_Logica/Matemática 08 - Sistemas de Medidas.html;3;Autoral — cálculo ou raciocínio;Material aprofundado do projeto [Gaby];https://portaldaobmep.impa.br/index.php/modulo/index;
M08-Q04;02_Matematica_Logica/Matemática 08 - Sistemas de Medidas.html;4;Autoral — cálculo ou raciocínio;Material aprofundado do projeto [Gaby];https://portaldaobmep.impa.br/index.php/modulo/index;
M08-Q05;02_Matematica_Logica/Matemática 08 - Sistemas de Medidas.html;5;Autoral — cálculo ou raciocínio;Material aprofundado do projeto [Gaby];https://portaldaobmep.impa.br/index.php/modulo/index;
M08-Q06;02_Matematica_Logica/Matemática 08 - Sistemas de Medidas.html;6;Autoral — cálculo ou raciocínio;Material aprofundado do projeto [Gaby];https://portaldaobmep.impa.br/index.php/modulo/index;
M08-Q07;02_Matematica_Logica/Matemática 08 - Sistemas de Medidas.html;7;Autoral — cálculo ou raciocínio;Material aprofundado do projeto [Gaby];https://portaldaobmep.impa.br/index.php/modulo/index;
M08-Q08;02_Matematica_Logica/Matemática 08 - Sistemas de Medidas.html;8;Autoral — cálculo ou raciocínio;Material aprofundado do projeto [Gaby];https://portaldaobmep.impa.br/index.php/modulo/index;
M08-Q09;02_Matematica_Logica/Matemática 08 - Sistemas de Medidas.html;9;Autoral — cálculo ou raciocínio;Material aprofundado do projeto [Gaby];https://portaldaobmep.impa.br/index.php/modulo/index;
M08-Q10;02_Matematica_Logica/Matemática 08 - Sistemas de Medidas.html;10;Autoral — cálculo ou raciocínio;Material aprofundado do projeto [Gaby];https://portaldaobmep.impa.br/index.php/modulo/index;
M09-Q01;02_Matematica_Logica/Matemática 09 - Geometria- Perímetro, Área, Volume, Ângulos e Pitágoras.html;1;Autoral — cálculo ou raciocínio;Material aprofundado do projeto [Gaby];https://portaldaobmep.impa.br/index.php/modulo/index;
M09-Q02;02_Matematica_Logica/Matemática 09 - Geometria- Perímetro, Área, Volume, Ângulos e Pitágoras.html;2;Autoral — cálculo ou raciocínio;Material aprofundado do projeto [Gaby];https://portaldaobmep.impa.br/index.php/modulo/index;
M09-Q03;02_Matematica_Logica/Matemática 09 - Geometria- Perímetro, Área, Volume, Ângulos e Pitágoras.html;3;Autoral — cálculo ou raciocínio;Material aprofundado do projeto [Gaby];https://portaldaobmep.impa.br/index.php/modulo/index;
M09-Q04;02_Matematica_Logica/Matemática 09 - Geometria- Perímetro, Área, Volume, Ângulos e Pitágoras.html;4;Autoral — cálculo ou raciocínio;Material aprofundado do projeto [Gaby];https://portaldaobmep.impa.br/index.php/modulo/index;
M09-Q05;02_Matematica_Logica/Matemática 09 - Geometria- Perímetro, Área, Volume, Ângulos e Pitágoras.html;5;Autoral — cálculo ou raciocínio;Material aprofundado do projeto [Gaby];https://portaldaobmep.impa.br/index.php/modulo/index;
M09-Q06;02_Matematica_Logica/Matemática 09 - Geometria- Perímetro, Área, Volume, Ângulos e Pitágoras.html;6;Autoral — cálculo ou raciocínio;Material aprofundado do projeto [Gaby];https://portaldaobmep.impa.br/index.php/modulo/index;
M09-Q07;02_Matematica_Logica/Matemática 09 - Geometria- Perímetro, Área, Volume, Ângulos e Pitágoras.html;7;Autoral — cálculo ou raciocínio;Material aprofundado do projeto [Gaby];https://portaldaobmep.impa.br/index.php/modulo/index;
M09-Q08;02_Matematica_Logica/Matemática 09 - Geometria- Perímetro, Área, Volume, Ângulos e Pitágoras.html;8;Autoral — cálculo ou raciocínio;Material aprofundado do projeto [Gaby];https://portaldaobmep.impa.br/index.php/modulo/index;
M09-Q09;02_Matematica_Logica/Matemática 09 - Geometria- Perímetro, Área, Volume, Ângulos e Pitágoras.html;9;Autoral — cálculo ou raciocínio;Material aprofundado do projeto [Gaby];https://portaldaobmep.impa.br/index.php/modulo/index;
M09-Q10;02_Matematica_Logica/Matemática 09 - Geometria- Perímetro, Área, Volume, Ângulos e Pitágoras.html;10;Autoral — cálculo ou raciocínio;Material aprofundado do projeto [Gaby];https://portaldaobmep.impa.br/index.php/modulo/index;
M10-Q01;02_Matematica_Logica/Raciocínio Lógico 10 - Relações Lógicas, Dedução e Sequências.html;1;Autoral — cálculo ou raciocínio;Material aprofundado do projeto [Gaby];"https://portaldaobmep.impa.br/index.php/modulo/ver?modulo=153; https://portaldaobmep.impa.br/index.php/modulo/index";
M10-Q02;02_Matematica_Logica/Raciocínio Lógico 10 - Relações Lógicas, Dedução e Sequências.html;2;Autoral — cálculo ou raciocínio;Material aprofundado do projeto [Gaby];"https://portaldaobmep.impa.br/index.php/modulo/ver?modulo=153; https://portaldaobmep.impa.br/index.php/modulo/index";
M10-Q03;02_Matematica_Logica/Raciocínio Lógico 10 - Relações Lógicas, Dedução e Sequências.html;3;Autoral — cálculo ou raciocínio;Material aprofundado do projeto [Gaby];"https://portaldaobmep.impa.br/index.php/modulo/ver?modulo=153; https://portaldaobmep.impa.br/index.php/modulo/index";
M10-Q04;02_Matematica_Logica/Raciocínio Lógico 10 - Relações Lógicas, Dedução e Sequências.html;4;Autoral — cálculo ou raciocínio;Material aprofundado do projeto [Gaby];"https://portaldaobmep.impa.br/index.php/modulo/ver?modulo=153; https://portaldaobmep.impa.br/index.php/modulo/index";
M10-Q05;02_Matematica_Logica/Raciocínio Lógico 10 - Relações Lógicas, Dedução e Sequências.html;5;Autoral — cálculo ou raciocínio;Material aprofundado do projeto [Gaby];"https://portaldaobmep.impa.br/index.php/modulo/ver?modulo=153; https://portaldaobmep.impa.br/index.php/modulo/index";
M10-Q06;02_Matematica_Logica/Raciocínio Lógico 10 - Relações Lógicas, Dedução e Sequências.html;6;Autoral — cálculo ou raciocínio;Material aprofundado do projeto [Gaby];"https://portaldaobmep.impa.br/index.php/modulo/ver?modulo=153; https://portaldaobmep.impa.br/index.php/modulo/index";
M10-Q07;02_Matematica_Logica/Raciocínio Lógico 10 - Relações Lógicas, Dedução e Sequências.html;7;Autoral — cálculo ou raciocínio;Material aprofundado do projeto [Gaby];"https://portaldaobmep.impa.br/index.php/modulo/ver?modulo=153; https://portaldaobmep.impa.br/index.php/modulo/index";
M10-Q08;02_Matematica_Logica/Raciocínio Lógico 10 - Relações Lógicas, Dedução e Sequências.html;8;Autoral — cálculo ou raciocínio;Material aprofundado do projeto [Gaby];"https://portaldaobmep.impa.br/index.php/modulo/ver?modulo=153; https://portaldaobmep.impa.br/index.php/modulo/index";
M10-Q09;02_Matematica_Logica/Raciocínio Lógico 10 - Relações Lógicas, Dedução e Sequências.html;9;Autoral — cálculo ou raciocínio;Material aprofundado do projeto [Gaby];"https://portaldaobmep.impa.br/index.php/modulo/ver?modulo=153; https://portaldaobmep.impa.br/index.php/modulo/index";
M10-Q10;02_Matematica_Logica/Raciocínio Lógico 10 - Relações Lógicas, Dedução e Sequências.html;10;Autoral — cálculo ou raciocínio;Material aprofundado do projeto [Gaby];"https://portaldaobmep.impa.br/index.php/modulo/ver?modulo=153; https://portaldaobmep.impa.br/index.php/modulo/index";
M11-Q01;02_Matematica_Logica/Raciocínio Lógico 11 - Estruturas e Argumentação Lógica.html;1;Autoral — cálculo ou raciocínio;Material aprofundado do projeto [Gaby];https://portaldaobmep.impa.br/index.php/modulo/ver?modulo=153;
M11-Q02;02_Matematica_Logica/Raciocínio Lógico 11 - Estruturas e Argumentação Lógica.html;2;Autoral — cálculo ou raciocínio;Material aprofundado do projeto [Gaby];https://portaldaobmep.impa.br/index.php/modulo/ver?modulo=153;
M11-Q03;02_Matematica_Logica/Raciocínio Lógico 11 - Estruturas e Argumentação Lógica.html;3;Autoral — cálculo ou raciocínio;Material aprofundado do projeto [Gaby];https://portaldaobmep.impa.br/index.php/modulo/ver?modulo=153;
M11-Q04;02_Matematica_Logica/Raciocínio Lógico 11 - Estruturas e Argumentação Lógica.html;4;Autoral — cálculo ou raciocínio;Material aprofundado do projeto [Gaby];https://portaldaobmep.impa.br/index.php/modulo/ver?modulo=153;
M11-Q05;02_Matematica_Logica/Raciocínio Lógico 11 - Estruturas e Argumentação Lógica.html;5;Autoral — cálculo ou raciocínio;Material aprofundado do projeto [Gaby];https://portaldaobmep.impa.br/index.php/modulo/ver?modulo=153;
M11-Q06;02_Matematica_Logica/Raciocínio Lógico 11 - Estruturas e Argumentação Lógica.html;6;Autoral — cálculo ou raciocínio;Material aprofundado do projeto [Gaby];https://portaldaobmep.impa.br/index.php/modulo/ver?modulo=153;
M11-Q07;02_Matematica_Logica/Raciocínio Lógico 11 - Estruturas e Argumentação Lógica.html;7;Autoral — cálculo ou raciocínio;Material aprofundado do projeto [Gaby];https://portaldaobmep.impa.br/index.php/modulo/ver?modulo=153;
M11-Q08;02_Matematica_Logica/Raciocínio Lógico 11 - Estruturas e Argumentação Lógica.html;8;Autoral — cálculo ou raciocínio;Material aprofundado do projeto [Gaby];https://portaldaobmep.impa.br/index.php/modulo/ver?modulo=153;
M11-Q09;02_Matematica_Logica/Raciocínio Lógico 11 - Estruturas e Argumentação Lógica.html;9;Autoral — cálculo ou raciocínio;Material aprofundado do projeto [Gaby];https://portaldaobmep.impa.br/index.php/modulo/ver?modulo=153;
M11-Q10;02_Matematica_Logica/Raciocínio Lógico 11 - Estruturas e Argumentação Lógica.html;10;Autoral — cálculo ou raciocínio;Material aprofundado do projeto [Gaby];https://portaldaobmep.impa.br/index.php/modulo/ver?modulo=153;
M12-Q01;02_Matematica_Logica/Raciocínio Lógico 12 - Diagramas Lógicos e Situações-Problema.html;1;Autoral — cálculo ou raciocínio;Material aprofundado do projeto [Gaby];"https://portaldaobmep.impa.br/index.php/modulo/ver?modulo=87; https://portaldaobmep.impa.br/index.php/modulo/ver?modulo=153";
M12-Q02;02_Matematica_Logica/Raciocínio Lógico 12 - Diagramas Lógicos e Situações-Problema.html;2;Autoral — cálculo ou raciocínio;Material aprofundado do projeto [Gaby];"https://portaldaobmep.impa.br/index.php/modulo/ver?modulo=87; https://portaldaobmep.impa.br/index.php/modulo/ver?modulo=153";
M12-Q03;02_Matematica_Logica/Raciocínio Lógico 12 - Diagramas Lógicos e Situações-Problema.html;3;Autoral — cálculo ou raciocínio;Material aprofundado do projeto [Gaby];"https://portaldaobmep.impa.br/index.php/modulo/ver?modulo=87; https://portaldaobmep.impa.br/index.php/modulo/ver?modulo=153";
M12-Q04;02_Matematica_Logica/Raciocínio Lógico 12 - Diagramas Lógicos e Situações-Problema.html;4;Autoral — cálculo ou raciocínio;Material aprofundado do projeto [Gaby];"https://portaldaobmep.impa.br/index.php/modulo/ver?modulo=87; https://portaldaobmep.impa.br/index.php/modulo/ver?modulo=153";
M12-Q05;02_Matematica_Logica/Raciocínio Lógico 12 - Diagramas Lógicos e Situações-Problema.html;5;Autoral — cálculo ou raciocínio;Material aprofundado do projeto [Gaby];"https://portaldaobmep.impa.br/index.php/modulo/ver?modulo=87; https://portaldaobmep.impa.br/index.php/modulo/ver?modulo=153";
M12-Q06;02_Matematica_Logica/Raciocínio Lógico 12 - Diagramas Lógicos e Situações-Problema.html;6;Autoral — cálculo ou raciocínio;Material aprofundado do projeto [Gaby];"https://portaldaobmep.impa.br/index.php/modulo/ver?modulo=87; https://portaldaobmep.impa.br/index.php/modulo/ver?modulo=153";
M12-Q07;02_Matematica_Logica/Raciocínio Lógico 12 - Diagramas Lógicos e Situações-Problema.html;7;Autoral — cálculo ou raciocínio;Material aprofundado do projeto [Gaby];"https://portaldaobmep.impa.br/index.php/modulo/ver?modulo=87; https://portaldaobmep.impa.br/index.php/modulo/ver?modulo=153";
M12-Q08;02_Matematica_Logica/Raciocínio Lógico 12 - Diagramas Lógicos e Situações-Problema.html;8;Autoral — cálculo ou raciocínio;Material aprofundado do projeto [Gaby];"https://portaldaobmep.impa.br/index.php/modulo/ver?modulo=87; https://portaldaobmep.impa.br/index.php/modulo/ver?modulo=153";
M12-Q09;02_Matematica_Logica/Raciocínio Lógico 12 - Diagramas Lógicos e Situações-Problema.html;9;Autoral — cálculo ou raciocínio;Material aprofundado do projeto [Gaby];"https://portaldaobmep.impa.br/index.php/modulo/ver?modulo=87; https://portaldaobmep.impa.br/index.php/modulo/ver?modulo=153";
M12-Q10;02_Matematica_Logica/Raciocínio Lógico 12 - Diagramas Lógicos e Situações-Problema.html;10;Autoral — cálculo ou raciocínio;Material aprofundado do projeto [Gaby];"https://portaldaobmep.impa.br/index.php/modulo/ver?modulo=87; https://portaldaobmep.impa.br/index.php/modulo/ver?modulo=153";
I01-Q01;03_Informatica/Informática 01 - Windows - Arquivos, Pastas e Diretórios.html;1;Autoral — informática aplicada;Material aprofundado do projeto [Gaby];"https://support.microsoft.com/pt-br/windows/experience/fileexplorer/file-explorer-in-windows; https://support.microsoft.com/pt-br/accessibility/windows/keyboard-shortcuts-in-windows";
I01-Q02;03_Informatica/Informática 01 - Windows - Arquivos, Pastas e Diretórios.html;2;Autoral — informática aplicada;Material aprofundado do projeto [Gaby];"https://support.microsoft.com/pt-br/windows/experience/fileexplorer/file-explorer-in-windows; https://support.microsoft.com/pt-br/accessibility/windows/keyboard-shortcuts-in-windows";
I01-Q03;03_Informatica/Informática 01 - Windows - Arquivos, Pastas e Diretórios.html;3;Autoral — informática aplicada;Material aprofundado do projeto [Gaby];"https://support.microsoft.com/pt-br/windows/experience/fileexplorer/file-explorer-in-windows; https://support.microsoft.com/pt-br/accessibility/windows/keyboard-shortcuts-in-windows";
I01-Q04;03_Informatica/Informática 01 - Windows - Arquivos, Pastas e Diretórios.html;4;Autoral — informática aplicada;Material aprofundado do projeto [Gaby];"https://support.microsoft.com/pt-br/windows/experience/fileexplorer/file-explorer-in-windows; https://support.microsoft.com/pt-br/accessibility/windows/keyboard-shortcuts-in-windows";
I01-Q05;03_Informatica/Informática 01 - Windows - Arquivos, Pastas e Diretórios.html;5;Autoral — informática aplicada;Material aprofundado do projeto [Gaby];"https://support.microsoft.com/pt-br/windows/experience/fileexplorer/file-explorer-in-windows; https://support.microsoft.com/pt-br/accessibility/windows/keyboard-shortcuts-in-windows";
I01-Q06;03_Informatica/Informática 01 - Windows - Arquivos, Pastas e Diretórios.html;6;Autoral — informática aplicada;Material aprofundado do projeto [Gaby];"https://support.microsoft.com/pt-br/windows/experience/fileexplorer/file-explorer-in-windows; https://support.microsoft.com/pt-br/accessibility/windows/keyboard-shortcuts-in-windows";
I01-Q07;03_Informatica/Informática 01 - Windows - Arquivos, Pastas e Diretórios.html;7;Autoral — informática aplicada;Material aprofundado do projeto [Gaby];"https://support.microsoft.com/pt-br/windows/experience/fileexplorer/file-explorer-in-windows; https://support.microsoft.com/pt-br/accessibility/windows/keyboard-shortcuts-in-windows";
I01-Q08;03_Informatica/Informática 01 - Windows - Arquivos, Pastas e Diretórios.html;8;Autoral — informática aplicada;Material aprofundado do projeto [Gaby];"https://support.microsoft.com/pt-br/windows/experience/fileexplorer/file-explorer-in-windows; https://support.microsoft.com/pt-br/accessibility/windows/keyboard-shortcuts-in-windows";
I01-Q09;03_Informatica/Informática 01 - Windows - Arquivos, Pastas e Diretórios.html;9;Autoral — informática aplicada;Material aprofundado do projeto [Gaby];"https://support.microsoft.com/pt-br/windows/experience/fileexplorer/file-explorer-in-windows; https://support.microsoft.com/pt-br/accessibility/windows/keyboard-shortcuts-in-windows";
I01-Q10;03_Informatica/Informática 01 - Windows - Arquivos, Pastas e Diretórios.html;10;Autoral — informática aplicada;Material aprofundado do projeto [Gaby];"https://support.microsoft.com/pt-br/windows/experience/fileexplorer/file-explorer-in-windows; https://support.microsoft.com/pt-br/accessibility/windows/keyboard-shortcuts-in-windows";
I02-Q01;03_Informatica/Informática 02 - Windows - Atalhos, Área de Trabalho e Área de Transferência.html;1;Autoral — informática aplicada;Material aprofundado do projeto [Gaby];"https://support.microsoft.com/pt-br/accessibility/windows/keyboard-shortcuts-in-windows; https://support.microsoft.com/pt-br/windows/experience/fileexplorer/file-explorer-in-windows";
I02-Q02;03_Informatica/Informática 02 - Windows - Atalhos, Área de Trabalho e Área de Transferência.html;2;Autoral — informática aplicada;Material aprofundado do projeto [Gaby];"https://support.microsoft.com/pt-br/accessibility/windows/keyboard-shortcuts-in-windows; https://support.microsoft.com/pt-br/windows/experience/fileexplorer/file-explorer-in-windows";
I02-Q03;03_Informatica/Informática 02 - Windows - Atalhos, Área de Trabalho e Área de Transferência.html;3;Autoral — informática aplicada;Material aprofundado do projeto [Gaby];"https://support.microsoft.com/pt-br/accessibility/windows/keyboard-shortcuts-in-windows; https://support.microsoft.com/pt-br/windows/experience/fileexplorer/file-explorer-in-windows";
I02-Q04;03_Informatica/Informática 02 - Windows - Atalhos, Área de Trabalho e Área de Transferência.html;4;Autoral — informática aplicada;Material aprofundado do projeto [Gaby];"https://support.microsoft.com/pt-br/accessibility/windows/keyboard-shortcuts-in-windows; https://support.microsoft.com/pt-br/windows/experience/fileexplorer/file-explorer-in-windows";
I02-Q05;03_Informatica/Informática 02 - Windows - Atalhos, Área de Trabalho e Área de Transferência.html;5;Autoral — informática aplicada;Material aprofundado do projeto [Gaby];"https://support.microsoft.com/pt-br/accessibility/windows/keyboard-shortcuts-in-windows; https://support.microsoft.com/pt-br/windows/experience/fileexplorer/file-explorer-in-windows";
I02-Q06;03_Informatica/Informática 02 - Windows - Atalhos, Área de Trabalho e Área de Transferência.html;6;Autoral — informática aplicada;Material aprofundado do projeto [Gaby];"https://support.microsoft.com/pt-br/accessibility/windows/keyboard-shortcuts-in-windows; https://support.microsoft.com/pt-br/windows/experience/fileexplorer/file-explorer-in-windows";
I02-Q07;03_Informatica/Informática 02 - Windows - Atalhos, Área de Trabalho e Área de Transferência.html;7;Autoral — informática aplicada;Material aprofundado do projeto [Gaby];"https://support.microsoft.com/pt-br/accessibility/windows/keyboard-shortcuts-in-windows; https://support.microsoft.com/pt-br/windows/experience/fileexplorer/file-explorer-in-windows";
I02-Q08;03_Informatica/Informática 02 - Windows - Atalhos, Área de Trabalho e Área de Transferência.html;8;Autoral — informática aplicada;Material aprofundado do projeto [Gaby];"https://support.microsoft.com/pt-br/accessibility/windows/keyboard-shortcuts-in-windows; https://support.microsoft.com/pt-br/windows/experience/fileexplorer/file-explorer-in-windows";
I02-Q09;03_Informatica/Informática 02 - Windows - Atalhos, Área de Trabalho e Área de Transferência.html;9;Autoral — informática aplicada;Material aprofundado do projeto [Gaby];"https://support.microsoft.com/pt-br/accessibility/windows/keyboard-shortcuts-in-windows; https://support.microsoft.com/pt-br/windows/experience/fileexplorer/file-explorer-in-windows";
I02-Q10;03_Informatica/Informática 02 - Windows - Atalhos, Área de Trabalho e Área de Transferência.html;10;Autoral — informática aplicada;Material aprofundado do projeto [Gaby];"https://support.microsoft.com/pt-br/accessibility/windows/keyboard-shortcuts-in-windows; https://support.microsoft.com/pt-br/windows/experience/fileexplorer/file-explorer-in-windows";
I03-Q01;03_Informatica/Informática 03 - Word - Edição e Formatação.html;1;Autoral — informática aplicada;Material aprofundado do projeto [Gaby];"https://support.microsoft.com/pt-br/word/format-your-word-document; https://support.microsoft.com/pt-br/word/add-a-heading-in-a-word-document";
I03-Q02;03_Informatica/Informática 03 - Word - Edição e Formatação.html;2;Autoral — informática aplicada;Material aprofundado do projeto [Gaby];"https://support.microsoft.com/pt-br/word/format-your-word-document; https://support.microsoft.com/pt-br/word/add-a-heading-in-a-word-document";
I03-Q03;03_Informatica/Informática 03 - Word - Edição e Formatação.html;3;Autoral — informática aplicada;Material aprofundado do projeto [Gaby];"https://support.microsoft.com/pt-br/word/format-your-word-document; https://support.microsoft.com/pt-br/word/add-a-heading-in-a-word-document";
I03-Q04;03_Informatica/Informática 03 - Word - Edição e Formatação.html;4;Autoral — informática aplicada;Material aprofundado do projeto [Gaby];"https://support.microsoft.com/pt-br/word/format-your-word-document; https://support.microsoft.com/pt-br/word/add-a-heading-in-a-word-document";
I03-Q05;03_Informatica/Informática 03 - Word - Edição e Formatação.html;5;Autoral — informática aplicada;Material aprofundado do projeto [Gaby];"https://support.microsoft.com/pt-br/word/format-your-word-document; https://support.microsoft.com/pt-br/word/add-a-heading-in-a-word-document";
I03-Q06;03_Informatica/Informática 03 - Word - Edição e Formatação.html;6;Autoral — informática aplicada;Material aprofundado do projeto [Gaby];"https://support.microsoft.com/pt-br/word/format-your-word-document; https://support.microsoft.com/pt-br/word/add-a-heading-in-a-word-document";
I03-Q07;03_Informatica/Informática 03 - Word - Edição e Formatação.html;7;Autoral — informática aplicada;Material aprofundado do projeto [Gaby];"https://support.microsoft.com/pt-br/word/format-your-word-document; https://support.microsoft.com/pt-br/word/add-a-heading-in-a-word-document";
I03-Q08;03_Informatica/Informática 03 - Word - Edição e Formatação.html;8;Autoral — informática aplicada;Material aprofundado do projeto [Gaby];"https://support.microsoft.com/pt-br/word/format-your-word-document; https://support.microsoft.com/pt-br/word/add-a-heading-in-a-word-document";
I03-Q09;03_Informatica/Informática 03 - Word - Edição e Formatação.html;9;Autoral — informática aplicada;Material aprofundado do projeto [Gaby];"https://support.microsoft.com/pt-br/word/format-your-word-document; https://support.microsoft.com/pt-br/word/add-a-heading-in-a-word-document";
I03-Q10;03_Informatica/Informática 03 - Word - Edição e Formatação.html;10;Autoral — informática aplicada;Material aprofundado do projeto [Gaby];"https://support.microsoft.com/pt-br/word/format-your-word-document; https://support.microsoft.com/pt-br/word/add-a-heading-in-a-word-document";
I04-Q01;03_Informatica/Informática 04 - Word - Tabelas, Páginas, Índices e Objetos.html;1;Autoral — informática aplicada;Material aprofundado do projeto [Gaby];"https://support.microsoft.com/pt-br/word/add-a-heading-in-a-word-document; https://support.microsoft.com/pt-br/word/format-your-word-document";
I04-Q02;03_Informatica/Informática 04 - Word - Tabelas, Páginas, Índices e Objetos.html;2;Autoral — informática aplicada;Material aprofundado do projeto [Gaby];"https://support.microsoft.com/pt-br/word/add-a-heading-in-a-word-document; https://support.microsoft.com/pt-br/word/format-your-word-document";
I04-Q03;03_Informatica/Informática 04 - Word - Tabelas, Páginas, Índices e Objetos.html;3;Autoral — informática aplicada;Material aprofundado do projeto [Gaby];"https://support.microsoft.com/pt-br/word/add-a-heading-in-a-word-document; https://support.microsoft.com/pt-br/word/format-your-word-document";
I04-Q04;03_Informatica/Informática 04 - Word - Tabelas, Páginas, Índices e Objetos.html;4;Autoral — informática aplicada;Material aprofundado do projeto [Gaby];"https://support.microsoft.com/pt-br/word/add-a-heading-in-a-word-document; https://support.microsoft.com/pt-br/word/format-your-word-document";
I04-Q05;03_Informatica/Informática 04 - Word - Tabelas, Páginas, Índices e Objetos.html;5;Autoral — informática aplicada;Material aprofundado do projeto [Gaby];"https://support.microsoft.com/pt-br/word/add-a-heading-in-a-word-document; https://support.microsoft.com/pt-br/word/format-your-word-document";
I04-Q06;03_Informatica/Informática 04 - Word - Tabelas, Páginas, Índices e Objetos.html;6;Autoral — informática aplicada;Material aprofundado do projeto [Gaby];"https://support.microsoft.com/pt-br/word/add-a-heading-in-a-word-document; https://support.microsoft.com/pt-br/word/format-your-word-document";
I04-Q07;03_Informatica/Informática 04 - Word - Tabelas, Páginas, Índices e Objetos.html;7;Autoral — informática aplicada;Material aprofundado do projeto [Gaby];"https://support.microsoft.com/pt-br/word/add-a-heading-in-a-word-document; https://support.microsoft.com/pt-br/word/format-your-word-document";
I04-Q08;03_Informatica/Informática 04 - Word - Tabelas, Páginas, Índices e Objetos.html;8;Autoral — informática aplicada;Material aprofundado do projeto [Gaby];"https://support.microsoft.com/pt-br/word/add-a-heading-in-a-word-document; https://support.microsoft.com/pt-br/word/format-your-word-document";
I04-Q09;03_Informatica/Informática 04 - Word - Tabelas, Páginas, Índices e Objetos.html;9;Autoral — informática aplicada;Material aprofundado do projeto [Gaby];"https://support.microsoft.com/pt-br/word/add-a-heading-in-a-word-document; https://support.microsoft.com/pt-br/word/format-your-word-document";
I04-Q10;03_Informatica/Informática 04 - Word - Tabelas, Páginas, Índices e Objetos.html;10;Autoral — informática aplicada;Material aprofundado do projeto [Gaby];"https://support.microsoft.com/pt-br/word/add-a-heading-in-a-word-document; https://support.microsoft.com/pt-br/word/format-your-word-document";
I05-Q01;03_Informatica/Informática 05 - Excel - Células, Linhas, Colunas e Referências.html;1;Autoral — informática aplicada;Material aprofundado do projeto [Gaby];"https://support.microsoft.com/pt-br/excel/create-or-change-a-cell-reference; https://support.microsoft.com/pt-br/excel/";
I05-Q02;03_Informatica/Informática 05 - Excel - Células, Linhas, Colunas e Referências.html;2;Autoral — informática aplicada;Material aprofundado do projeto [Gaby];"https://support.microsoft.com/pt-br/excel/create-or-change-a-cell-reference; https://support.microsoft.com/pt-br/excel/";
I05-Q03;03_Informatica/Informática 05 - Excel - Células, Linhas, Colunas e Referências.html;3;Autoral — informática aplicada;Material aprofundado do projeto [Gaby];"https://support.microsoft.com/pt-br/excel/create-or-change-a-cell-reference; https://support.microsoft.com/pt-br/excel/";
I05-Q04;03_Informatica/Informática 05 - Excel - Células, Linhas, Colunas e Referências.html;4;Autoral — informática aplicada;Material aprofundado do projeto [Gaby];"https://support.microsoft.com/pt-br/excel/create-or-change-a-cell-reference; https://support.microsoft.com/pt-br/excel/";
I05-Q05;03_Informatica/Informática 05 - Excel - Células, Linhas, Colunas e Referências.html;5;Autoral — informática aplicada;Material aprofundado do projeto [Gaby];"https://support.microsoft.com/pt-br/excel/create-or-change-a-cell-reference; https://support.microsoft.com/pt-br/excel/";
I05-Q06;03_Informatica/Informática 05 - Excel - Células, Linhas, Colunas e Referências.html;6;Autoral — informática aplicada;Material aprofundado do projeto [Gaby];"https://support.microsoft.com/pt-br/excel/create-or-change-a-cell-reference; https://support.microsoft.com/pt-br/excel/";
I05-Q07;03_Informatica/Informática 05 - Excel - Células, Linhas, Colunas e Referências.html;7;Autoral — informática aplicada;Material aprofundado do projeto [Gaby];"https://support.microsoft.com/pt-br/excel/create-or-change-a-cell-reference; https://support.microsoft.com/pt-br/excel/";
I05-Q08;03_Informatica/Informática 05 - Excel - Células, Linhas, Colunas e Referências.html;8;Autoral — informática aplicada;Material aprofundado do projeto [Gaby];"https://support.microsoft.com/pt-br/excel/create-or-change-a-cell-reference; https://support.microsoft.com/pt-br/excel/";
I05-Q09;03_Informatica/Informática 05 - Excel - Células, Linhas, Colunas e Referências.html;9;Autoral — informática aplicada;Material aprofundado do projeto [Gaby];"https://support.microsoft.com/pt-br/excel/create-or-change-a-cell-reference; https://support.microsoft.com/pt-br/excel/";
I05-Q10;03_Informatica/Informática 05 - Excel - Células, Linhas, Colunas e Referências.html;10;Autoral — informática aplicada;Material aprofundado do projeto [Gaby];"https://support.microsoft.com/pt-br/excel/create-or-change-a-cell-reference; https://support.microsoft.com/pt-br/excel/";
I06-Q01;03_Informatica/Informática 06 - Excel - Fórmulas e Funções.html;1;Autoral — informática aplicada;Material aprofundado do projeto [Gaby];"https://support.microsoft.com/pt-br/excel/excel-functions-by-category; https://support.microsoft.com/pt-br/excel/create-or-change-a-cell-reference";
I06-Q02;03_Informatica/Informática 06 - Excel - Fórmulas e Funções.html;2;Autoral — informática aplicada;Material aprofundado do projeto [Gaby];"https://support.microsoft.com/pt-br/excel/excel-functions-by-category; https://support.microsoft.com/pt-br/excel/create-or-change-a-cell-reference";
I06-Q03;03_Informatica/Informática 06 - Excel - Fórmulas e Funções.html;3;Autoral — informática aplicada;Material aprofundado do projeto [Gaby];"https://support.microsoft.com/pt-br/excel/excel-functions-by-category; https://support.microsoft.com/pt-br/excel/create-or-change-a-cell-reference";
I06-Q04;03_Informatica/Informática 06 - Excel - Fórmulas e Funções.html;4;Autoral — informática aplicada;Material aprofundado do projeto [Gaby];"https://support.microsoft.com/pt-br/excel/excel-functions-by-category; https://support.microsoft.com/pt-br/excel/create-or-change-a-cell-reference";
I06-Q05;03_Informatica/Informática 06 - Excel - Fórmulas e Funções.html;5;Autoral — informática aplicada;Material aprofundado do projeto [Gaby];"https://support.microsoft.com/pt-br/excel/excel-functions-by-category; https://support.microsoft.com/pt-br/excel/create-or-change-a-cell-reference";
I06-Q06;03_Informatica/Informática 06 - Excel - Fórmulas e Funções.html;6;Autoral — informática aplicada;Material aprofundado do projeto [Gaby];"https://support.microsoft.com/pt-br/excel/excel-functions-by-category; https://support.microsoft.com/pt-br/excel/create-or-change-a-cell-reference";
I06-Q07;03_Informatica/Informática 06 - Excel - Fórmulas e Funções.html;7;Autoral — informática aplicada;Material aprofundado do projeto [Gaby];"https://support.microsoft.com/pt-br/excel/excel-functions-by-category; https://support.microsoft.com/pt-br/excel/create-or-change-a-cell-reference";
I06-Q08;03_Informatica/Informática 06 - Excel - Fórmulas e Funções.html;8;Autoral — informática aplicada;Material aprofundado do projeto [Gaby];"https://support.microsoft.com/pt-br/excel/excel-functions-by-category; https://support.microsoft.com/pt-br/excel/create-or-change-a-cell-reference";
I06-Q09;03_Informatica/Informática 06 - Excel - Fórmulas e Funções.html;9;Autoral — informática aplicada;Material aprofundado do projeto [Gaby];"https://support.microsoft.com/pt-br/excel/excel-functions-by-category; https://support.microsoft.com/pt-br/excel/create-or-change-a-cell-reference";
I06-Q10;03_Informatica/Informática 06 - Excel - Fórmulas e Funções.html;10;Autoral — informática aplicada;Material aprofundado do projeto [Gaby];"https://support.microsoft.com/pt-br/excel/excel-functions-by-category; https://support.microsoft.com/pt-br/excel/create-or-change-a-cell-reference";
I07-Q01;03_Informatica/Informática 07 - Excel - Tabelas, Gráficos, Classificação e Dados.html;1;Autoral — informática aplicada;Material aprofundado do projeto [Gaby];"https://support.microsoft.com/pt-br/excel/; https://support.microsoft.com/pt-br/excel/create-or-change-a-cell-reference";
I07-Q02;03_Informatica/Informática 07 - Excel - Tabelas, Gráficos, Classificação e Dados.html;2;Autoral — informática aplicada;Material aprofundado do projeto [Gaby];"https://support.microsoft.com/pt-br/excel/; https://support.microsoft.com/pt-br/excel/create-or-change-a-cell-reference";
I07-Q03;03_Informatica/Informática 07 - Excel - Tabelas, Gráficos, Classificação e Dados.html;3;Autoral — informática aplicada;Material aprofundado do projeto [Gaby];"https://support.microsoft.com/pt-br/excel/; https://support.microsoft.com/pt-br/excel/create-or-change-a-cell-reference";
I07-Q04;03_Informatica/Informática 07 - Excel - Tabelas, Gráficos, Classificação e Dados.html;4;Autoral — informática aplicada;Material aprofundado do projeto [Gaby];"https://support.microsoft.com/pt-br/excel/; https://support.microsoft.com/pt-br/excel/create-or-change-a-cell-reference";
I07-Q05;03_Informatica/Informática 07 - Excel - Tabelas, Gráficos, Classificação e Dados.html;5;Autoral — informática aplicada;Material aprofundado do projeto [Gaby];"https://support.microsoft.com/pt-br/excel/; https://support.microsoft.com/pt-br/excel/create-or-change-a-cell-reference";
I07-Q06;03_Informatica/Informática 07 - Excel - Tabelas, Gráficos, Classificação e Dados.html;6;Autoral — informática aplicada;Material aprofundado do projeto [Gaby];"https://support.microsoft.com/pt-br/excel/; https://support.microsoft.com/pt-br/excel/create-or-change-a-cell-reference";
I07-Q07;03_Informatica/Informática 07 - Excel - Tabelas, Gráficos, Classificação e Dados.html;7;Autoral — informática aplicada;Material aprofundado do projeto [Gaby];"https://support.microsoft.com/pt-br/excel/; https://support.microsoft.com/pt-br/excel/create-or-change-a-cell-reference";
I07-Q08;03_Informatica/Informática 07 - Excel - Tabelas, Gráficos, Classificação e Dados.html;8;Autoral — informática aplicada;Material aprofundado do projeto [Gaby];"https://support.microsoft.com/pt-br/excel/; https://support.microsoft.com/pt-br/excel/create-or-change-a-cell-reference";
I07-Q09;03_Informatica/Informática 07 - Excel - Tabelas, Gráficos, Classificação e Dados.html;9;Autoral — informática aplicada;Material aprofundado do projeto [Gaby];"https://support.microsoft.com/pt-br/excel/; https://support.microsoft.com/pt-br/excel/create-or-change-a-cell-reference";
I07-Q10;03_Informatica/Informática 07 - Excel - Tabelas, Gráficos, Classificação e Dados.html;10;Autoral — informática aplicada;Material aprofundado do projeto [Gaby];"https://support.microsoft.com/pt-br/excel/; https://support.microsoft.com/pt-br/excel/create-or-change-a-cell-reference";
I08-Q01;03_Informatica/Informática 08 - Excel - Macros.html;1;Autoral — informática aplicada;Material aprofundado do projeto [Gaby];"https://support.microsoft.com/pt-br/excel/get-started-with-excel/quick-start-create-a-macro; https://support.microsoft.com/pt-br/excel/";
I08-Q02;03_Informatica/Informática 08 - Excel - Macros.html;2;Autoral — informática aplicada;Material aprofundado do projeto [Gaby];"https://support.microsoft.com/pt-br/excel/get-started-with-excel/quick-start-create-a-macro; https://support.microsoft.com/pt-br/excel/";
I08-Q03;03_Informatica/Informática 08 - Excel - Macros.html;3;Autoral — informática aplicada;Material aprofundado do projeto [Gaby];"https://support.microsoft.com/pt-br/excel/get-started-with-excel/quick-start-create-a-macro; https://support.microsoft.com/pt-br/excel/";
I08-Q04;03_Informatica/Informática 08 - Excel - Macros.html;4;Autoral — informática aplicada;Material aprofundado do projeto [Gaby];"https://support.microsoft.com/pt-br/excel/get-started-with-excel/quick-start-create-a-macro; https://support.microsoft.com/pt-br/excel/";
I08-Q05;03_Informatica/Informática 08 - Excel - Macros.html;5;Autoral — informática aplicada;Material aprofundado do projeto [Gaby];"https://support.microsoft.com/pt-br/excel/get-started-with-excel/quick-start-create-a-macro; https://support.microsoft.com/pt-br/excel/";
I08-Q06;03_Informatica/Informática 08 - Excel - Macros.html;6;Autoral — informática aplicada;Material aprofundado do projeto [Gaby];"https://support.microsoft.com/pt-br/excel/get-started-with-excel/quick-start-create-a-macro; https://support.microsoft.com/pt-br/excel/";
I08-Q07;03_Informatica/Informática 08 - Excel - Macros.html;7;Autoral — informática aplicada;Material aprofundado do projeto [Gaby];"https://support.microsoft.com/pt-br/excel/get-started-with-excel/quick-start-create-a-macro; https://support.microsoft.com/pt-br/excel/";
I08-Q08;03_Informatica/Informática 08 - Excel - Macros.html;8;Autoral — informática aplicada;Material aprofundado do projeto [Gaby];"https://support.microsoft.com/pt-br/excel/get-started-with-excel/quick-start-create-a-macro; https://support.microsoft.com/pt-br/excel/";
I08-Q09;03_Informatica/Informática 08 - Excel - Macros.html;9;Autoral — informática aplicada;Material aprofundado do projeto [Gaby];"https://support.microsoft.com/pt-br/excel/get-started-with-excel/quick-start-create-a-macro; https://support.microsoft.com/pt-br/excel/";
I08-Q10;03_Informatica/Informática 08 - Excel - Macros.html;10;Autoral — informática aplicada;Material aprofundado do projeto [Gaby];"https://support.microsoft.com/pt-br/excel/get-started-with-excel/quick-start-create-a-macro; https://support.microsoft.com/pt-br/excel/";
I09-Q01;03_Informatica/Informática 09 - PowerPoint - Apresentações, Edição, Animações e Transições.html;1;Autoral — informática aplicada;Material aprofundado do projeto [Gaby];https://support.microsoft.com/pt-br/powerpoint/the-difference-between-animations-and-transitions;
I09-Q02;03_Informatica/Informática 09 - PowerPoint - Apresentações, Edição, Animações e Transições.html;2;Autoral — informática aplicada;Material aprofundado do projeto [Gaby];https://support.microsoft.com/pt-br/powerpoint/the-difference-between-animations-and-transitions;
I09-Q03;03_Informatica/Informática 09 - PowerPoint - Apresentações, Edição, Animações e Transições.html;3;Autoral — informática aplicada;Material aprofundado do projeto [Gaby];https://support.microsoft.com/pt-br/powerpoint/the-difference-between-animations-and-transitions;
I09-Q04;03_Informatica/Informática 09 - PowerPoint - Apresentações, Edição, Animações e Transições.html;4;Autoral — informática aplicada;Material aprofundado do projeto [Gaby];https://support.microsoft.com/pt-br/powerpoint/the-difference-between-animations-and-transitions;
I09-Q05;03_Informatica/Informática 09 - PowerPoint - Apresentações, Edição, Animações e Transições.html;5;Autoral — informática aplicada;Material aprofundado do projeto [Gaby];https://support.microsoft.com/pt-br/powerpoint/the-difference-between-animations-and-transitions;
I09-Q06;03_Informatica/Informática 09 - PowerPoint - Apresentações, Edição, Animações e Transições.html;6;Autoral — informática aplicada;Material aprofundado do projeto [Gaby];https://support.microsoft.com/pt-br/powerpoint/the-difference-between-animations-and-transitions;
I09-Q07;03_Informatica/Informática 09 - PowerPoint - Apresentações, Edição, Animações e Transições.html;7;Autoral — informática aplicada;Material aprofundado do projeto [Gaby];https://support.microsoft.com/pt-br/powerpoint/the-difference-between-animations-and-transitions;
I09-Q08;03_Informatica/Informática 09 - PowerPoint - Apresentações, Edição, Animações e Transições.html;8;Autoral — informática aplicada;Material aprofundado do projeto [Gaby];https://support.microsoft.com/pt-br/powerpoint/the-difference-between-animations-and-transitions;
I09-Q09;03_Informatica/Informática 09 - PowerPoint - Apresentações, Edição, Animações e Transições.html;9;Autoral — informática aplicada;Material aprofundado do projeto [Gaby];https://support.microsoft.com/pt-br/powerpoint/the-difference-between-animations-and-transitions;
I09-Q10;03_Informatica/Informática 09 - PowerPoint - Apresentações, Edição, Animações e Transições.html;10;Autoral — informática aplicada;Material aprofundado do projeto [Gaby];https://support.microsoft.com/pt-br/powerpoint/the-difference-between-animations-and-transitions;
I10-Q01;03_Informatica/Informática 10 - E-mail, Internet, URL, Links e Busca.html;1;Autoral — informática aplicada;Material aprofundado do projeto [Gaby];https://cartilha.cert.br/fasciculos/phishing-golpes/fasciculo-phishing-golpes-alta.pdf;
I10-Q02;03_Informatica/Informática 10 - E-mail, Internet, URL, Links e Busca.html;2;Autoral — informática aplicada;Material aprofundado do projeto [Gaby];https://cartilha.cert.br/fasciculos/phishing-golpes/fasciculo-phishing-golpes-alta.pdf;
I10-Q03;03_Informatica/Informática 10 - E-mail, Internet, URL, Links e Busca.html;3;Autoral — informática aplicada;Material aprofundado do projeto [Gaby];https://cartilha.cert.br/fasciculos/phishing-golpes/fasciculo-phishing-golpes-alta.pdf;
I10-Q04;03_Informatica/Informática 10 - E-mail, Internet, URL, Links e Busca.html;4;Autoral — informática aplicada;Material aprofundado do projeto [Gaby];https://cartilha.cert.br/fasciculos/phishing-golpes/fasciculo-phishing-golpes-alta.pdf;
I10-Q05;03_Informatica/Informática 10 - E-mail, Internet, URL, Links e Busca.html;5;Autoral — informática aplicada;Material aprofundado do projeto [Gaby];https://cartilha.cert.br/fasciculos/phishing-golpes/fasciculo-phishing-golpes-alta.pdf;
I10-Q06;03_Informatica/Informática 10 - E-mail, Internet, URL, Links e Busca.html;6;Autoral — informática aplicada;Material aprofundado do projeto [Gaby];https://cartilha.cert.br/fasciculos/phishing-golpes/fasciculo-phishing-golpes-alta.pdf;
I10-Q07;03_Informatica/Informática 10 - E-mail, Internet, URL, Links e Busca.html;7;Autoral — informática aplicada;Material aprofundado do projeto [Gaby];https://cartilha.cert.br/fasciculos/phishing-golpes/fasciculo-phishing-golpes-alta.pdf;
I10-Q08;03_Informatica/Informática 10 - E-mail, Internet, URL, Links e Busca.html;8;Autoral — informática aplicada;Material aprofundado do projeto [Gaby];https://cartilha.cert.br/fasciculos/phishing-golpes/fasciculo-phishing-golpes-alta.pdf;
I10-Q09;03_Informatica/Informática 10 - E-mail, Internet, URL, Links e Busca.html;9;Autoral — informática aplicada;Material aprofundado do projeto [Gaby];https://cartilha.cert.br/fasciculos/phishing-golpes/fasciculo-phishing-golpes-alta.pdf;
I10-Q10;03_Informatica/Informática 10 - E-mail, Internet, URL, Links e Busca.html;10;Autoral — informática aplicada;Material aprofundado do projeto [Gaby];https://cartilha.cert.br/fasciculos/phishing-golpes/fasciculo-phishing-golpes-alta.pdf;
A01-Q01;04_Assistente_Administrativo/Assistente Administrativo 01 - Princípios da Administração Pública.html;1;Autoral — rotina administrativa;Material aprofundado do projeto [Gaby];"https://www.planalto.gov.br/ccivil_03/constituicao/constituicao.htm; https://www.planalto.gov.br/ccivil_03/_ato2015-2018/2017/lei/l13460.htm";
A01-Q02;04_Assistente_Administrativo/Assistente Administrativo 01 - Princípios da Administração Pública.html;2;Autoral — rotina administrativa;Material aprofundado do projeto [Gaby];"https://www.planalto.gov.br/ccivil_03/constituicao/constituicao.htm; https://www.planalto.gov.br/ccivil_03/_ato2015-2018/2017/lei/l13460.htm";
A01-Q03;04_Assistente_Administrativo/Assistente Administrativo 01 - Princípios da Administração Pública.html;3;Autoral — rotina administrativa;Material aprofundado do projeto [Gaby];"https://www.planalto.gov.br/ccivil_03/constituicao/constituicao.htm; https://www.planalto.gov.br/ccivil_03/_ato2015-2018/2017/lei/l13460.htm";
A01-Q04;04_Assistente_Administrativo/Assistente Administrativo 01 - Princípios da Administração Pública.html;4;Autoral — rotina administrativa;Material aprofundado do projeto [Gaby];"https://www.planalto.gov.br/ccivil_03/constituicao/constituicao.htm; https://www.planalto.gov.br/ccivil_03/_ato2015-2018/2017/lei/l13460.htm";
A01-Q05;04_Assistente_Administrativo/Assistente Administrativo 01 - Princípios da Administração Pública.html;5;Autoral — rotina administrativa;Material aprofundado do projeto [Gaby];"https://www.planalto.gov.br/ccivil_03/constituicao/constituicao.htm; https://www.planalto.gov.br/ccivil_03/_ato2015-2018/2017/lei/l13460.htm";
A01-Q06;04_Assistente_Administrativo/Assistente Administrativo 01 - Princípios da Administração Pública.html;6;Autoral — rotina administrativa;Material aprofundado do projeto [Gaby];"https://www.planalto.gov.br/ccivil_03/constituicao/constituicao.htm; https://www.planalto.gov.br/ccivil_03/_ato2015-2018/2017/lei/l13460.htm";
A01-Q07;04_Assistente_Administrativo/Assistente Administrativo 01 - Princípios da Administração Pública.html;7;Autoral — rotina administrativa;Material aprofundado do projeto [Gaby];"https://www.planalto.gov.br/ccivil_03/constituicao/constituicao.htm; https://www.planalto.gov.br/ccivil_03/_ato2015-2018/2017/lei/l13460.htm";
A01-Q08;04_Assistente_Administrativo/Assistente Administrativo 01 - Princípios da Administração Pública.html;8;Autoral — rotina administrativa;Material aprofundado do projeto [Gaby];"https://www.planalto.gov.br/ccivil_03/constituicao/constituicao.htm; https://www.planalto.gov.br/ccivil_03/_ato2015-2018/2017/lei/l13460.htm";
A01-Q09;04_Assistente_Administrativo/Assistente Administrativo 01 - Princípios da Administração Pública.html;9;Autoral — rotina administrativa;Material aprofundado do projeto [Gaby];"https://www.planalto.gov.br/ccivil_03/constituicao/constituicao.htm; https://www.planalto.gov.br/ccivil_03/_ato2015-2018/2017/lei/l13460.htm";
A01-Q10;04_Assistente_Administrativo/Assistente Administrativo 01 - Princípios da Administração Pública.html;10;Autoral — rotina administrativa;Material aprofundado do projeto [Gaby];"https://www.planalto.gov.br/ccivil_03/constituicao/constituicao.htm; https://www.planalto.gov.br/ccivil_03/_ato2015-2018/2017/lei/l13460.htm";
A02-Q01;04_Assistente_Administrativo/Assistente Administrativo 02 - Rotinas Administrativas e Redação Técnica.html;1;Autoral — rotina administrativa;Material aprofundado do projeto [Gaby];https://www.gov.br/cidades/pt-br/midia/documentos/pdf/manualderedacao.pdf;
A02-Q02;04_Assistente_Administrativo/Assistente Administrativo 02 - Rotinas Administrativas e Redação Técnica.html;2;Autoral — rotina administrativa;Material aprofundado do projeto [Gaby];https://www.gov.br/cidades/pt-br/midia/documentos/pdf/manualderedacao.pdf;
A02-Q03;04_Assistente_Administrativo/Assistente Administrativo 02 - Rotinas Administrativas e Redação Técnica.html;3;Autoral — rotina administrativa;Material aprofundado do projeto [Gaby];https://www.gov.br/cidades/pt-br/midia/documentos/pdf/manualderedacao.pdf;
A02-Q04;04_Assistente_Administrativo/Assistente Administrativo 02 - Rotinas Administrativas e Redação Técnica.html;4;Autoral — rotina administrativa;Material aprofundado do projeto [Gaby];https://www.gov.br/cidades/pt-br/midia/documentos/pdf/manualderedacao.pdf;
A02-Q05;04_Assistente_Administrativo/Assistente Administrativo 02 - Rotinas Administrativas e Redação Técnica.html;5;Autoral — rotina administrativa;Material aprofundado do projeto [Gaby];https://www.gov.br/cidades/pt-br/midia/documentos/pdf/manualderedacao.pdf;
A02-Q06;04_Assistente_Administrativo/Assistente Administrativo 02 - Rotinas Administrativas e Redação Técnica.html;6;Autoral — rotina administrativa;Material aprofundado do projeto [Gaby];https://www.gov.br/cidades/pt-br/midia/documentos/pdf/manualderedacao.pdf;
A02-Q07;04_Assistente_Administrativo/Assistente Administrativo 02 - Rotinas Administrativas e Redação Técnica.html;7;Autoral — rotina administrativa;Material aprofundado do projeto [Gaby];https://www.gov.br/cidades/pt-br/midia/documentos/pdf/manualderedacao.pdf;
A02-Q08;04_Assistente_Administrativo/Assistente Administrativo 02 - Rotinas Administrativas e Redação Técnica.html;8;Autoral — rotina administrativa;Material aprofundado do projeto [Gaby];https://www.gov.br/cidades/pt-br/midia/documentos/pdf/manualderedacao.pdf;
A02-Q09;04_Assistente_Administrativo/Assistente Administrativo 02 - Rotinas Administrativas e Redação Técnica.html;9;Autoral — rotina administrativa;Material aprofundado do projeto [Gaby];https://www.gov.br/cidades/pt-br/midia/documentos/pdf/manualderedacao.pdf;
A02-Q10;04_Assistente_Administrativo/Assistente Administrativo 02 - Rotinas Administrativas e Redação Técnica.html;10;Autoral — rotina administrativa;Material aprofundado do projeto [Gaby];https://www.gov.br/cidades/pt-br/midia/documentos/pdf/manualderedacao.pdf;
A03-Q01;04_Assistente_Administrativo/Assistente Administrativo 03 - Processos Administrativos- Autuação, Registro e Encaminhamento.html;1;Autoral — rotina administrativa;Material aprofundado do projeto [Gaby];"https://www.gov.br/conarq/pt-br/centrais-de-conteudo/publicacoes/Cartilha_criacao_arquivos_municipais.pdf; https://www.planalto.gov.br/ccivil_03/leis/l9784.htm";
A03-Q02;04_Assistente_Administrativo/Assistente Administrativo 03 - Processos Administrativos- Autuação, Registro e Encaminhamento.html;2;Autoral — rotina administrativa;Material aprofundado do projeto [Gaby];"https://www.gov.br/conarq/pt-br/centrais-de-conteudo/publicacoes/Cartilha_criacao_arquivos_municipais.pdf; https://www.planalto.gov.br/ccivil_03/leis/l9784.htm";
A03-Q03;04_Assistente_Administrativo/Assistente Administrativo 03 - Processos Administrativos- Autuação, Registro e Encaminhamento.html;3;Autoral — rotina administrativa;Material aprofundado do projeto [Gaby];"https://www.gov.br/conarq/pt-br/centrais-de-conteudo/publicacoes/Cartilha_criacao_arquivos_municipais.pdf; https://www.planalto.gov.br/ccivil_03/leis/l9784.htm";
A03-Q04;04_Assistente_Administrativo/Assistente Administrativo 03 - Processos Administrativos- Autuação, Registro e Encaminhamento.html;4;Autoral — rotina administrativa;Material aprofundado do projeto [Gaby];"https://www.gov.br/conarq/pt-br/centrais-de-conteudo/publicacoes/Cartilha_criacao_arquivos_municipais.pdf; https://www.planalto.gov.br/ccivil_03/leis/l9784.htm";
A03-Q05;04_Assistente_Administrativo/Assistente Administrativo 03 - Processos Administrativos- Autuação, Registro e Encaminhamento.html;5;Autoral — rotina administrativa;Material aprofundado do projeto [Gaby];"https://www.gov.br/conarq/pt-br/centrais-de-conteudo/publicacoes/Cartilha_criacao_arquivos_municipais.pdf; https://www.planalto.gov.br/ccivil_03/leis/l9784.htm";
A03-Q06;04_Assistente_Administrativo/Assistente Administrativo 03 - Processos Administrativos- Autuação, Registro e Encaminhamento.html;6;Autoral — rotina administrativa;Material aprofundado do projeto [Gaby];"https://www.gov.br/conarq/pt-br/centrais-de-conteudo/publicacoes/Cartilha_criacao_arquivos_municipais.pdf; https://www.planalto.gov.br/ccivil_03/leis/l9784.htm";
A03-Q07;04_Assistente_Administrativo/Assistente Administrativo 03 - Processos Administrativos- Autuação, Registro e Encaminhamento.html;7;Autoral — rotina administrativa;Material aprofundado do projeto [Gaby];"https://www.gov.br/conarq/pt-br/centrais-de-conteudo/publicacoes/Cartilha_criacao_arquivos_municipais.pdf; https://www.planalto.gov.br/ccivil_03/leis/l9784.htm";
A03-Q08;04_Assistente_Administrativo/Assistente Administrativo 03 - Processos Administrativos- Autuação, Registro e Encaminhamento.html;8;Autoral — rotina administrativa;Material aprofundado do projeto [Gaby];"https://www.gov.br/conarq/pt-br/centrais-de-conteudo/publicacoes/Cartilha_criacao_arquivos_municipais.pdf; https://www.planalto.gov.br/ccivil_03/leis/l9784.htm";
A03-Q09;04_Assistente_Administrativo/Assistente Administrativo 03 - Processos Administrativos- Autuação, Registro e Encaminhamento.html;9;Autoral — rotina administrativa;Material aprofundado do projeto [Gaby];"https://www.gov.br/conarq/pt-br/centrais-de-conteudo/publicacoes/Cartilha_criacao_arquivos_municipais.pdf; https://www.planalto.gov.br/ccivil_03/leis/l9784.htm";
A03-Q10;04_Assistente_Administrativo/Assistente Administrativo 03 - Processos Administrativos- Autuação, Registro e Encaminhamento.html;10;Autoral — rotina administrativa;Material aprofundado do projeto [Gaby];"https://www.gov.br/conarq/pt-br/centrais-de-conteudo/publicacoes/Cartilha_criacao_arquivos_municipais.pdf; https://www.planalto.gov.br/ccivil_03/leis/l9784.htm";
A04-Q01;04_Assistente_Administrativo/Assistente Administrativo 04 - Gestão de Materiais e Suprimentos.html;1;Autoral — rotina administrativa;Material aprofundado do projeto [Gaby];"https://repositorio.enap.gov.br/bitstream/1/2268/1/Enap%20Did%C3%A1ticos%20-%20Gest%C3%A3o%20de%20Materiais.pdf; https://www.gov.br/conarq/pt-br/centrais-de-conteudo/publicacoes/Cartilha_criacao_arquivos_municipais.pdf";
A04-Q02;04_Assistente_Administrativo/Assistente Administrativo 04 - Gestão de Materiais e Suprimentos.html;2;Autoral — rotina administrativa;Material aprofundado do projeto [Gaby];"https://repositorio.enap.gov.br/bitstream/1/2268/1/Enap%20Did%C3%A1ticos%20-%20Gest%C3%A3o%20de%20Materiais.pdf; https://www.gov.br/conarq/pt-br/centrais-de-conteudo/publicacoes/Cartilha_criacao_arquivos_municipais.pdf";
A04-Q03;04_Assistente_Administrativo/Assistente Administrativo 04 - Gestão de Materiais e Suprimentos.html;3;Autoral — rotina administrativa;Material aprofundado do projeto [Gaby];"https://repositorio.enap.gov.br/bitstream/1/2268/1/Enap%20Did%C3%A1ticos%20-%20Gest%C3%A3o%20de%20Materiais.pdf; https://www.gov.br/conarq/pt-br/centrais-de-conteudo/publicacoes/Cartilha_criacao_arquivos_municipais.pdf";
A04-Q04;04_Assistente_Administrativo/Assistente Administrativo 04 - Gestão de Materiais e Suprimentos.html;4;Autoral — rotina administrativa;Material aprofundado do projeto [Gaby];"https://repositorio.enap.gov.br/bitstream/1/2268/1/Enap%20Did%C3%A1ticos%20-%20Gest%C3%A3o%20de%20Materiais.pdf; https://www.gov.br/conarq/pt-br/centrais-de-conteudo/publicacoes/Cartilha_criacao_arquivos_municipais.pdf";
A04-Q05;04_Assistente_Administrativo/Assistente Administrativo 04 - Gestão de Materiais e Suprimentos.html;5;Autoral — rotina administrativa;Material aprofundado do projeto [Gaby];"https://repositorio.enap.gov.br/bitstream/1/2268/1/Enap%20Did%C3%A1ticos%20-%20Gest%C3%A3o%20de%20Materiais.pdf; https://www.gov.br/conarq/pt-br/centrais-de-conteudo/publicacoes/Cartilha_criacao_arquivos_municipais.pdf";
A04-Q06;04_Assistente_Administrativo/Assistente Administrativo 04 - Gestão de Materiais e Suprimentos.html;6;Autoral — rotina administrativa;Material aprofundado do projeto [Gaby];"https://repositorio.enap.gov.br/bitstream/1/2268/1/Enap%20Did%C3%A1ticos%20-%20Gest%C3%A3o%20de%20Materiais.pdf; https://www.gov.br/conarq/pt-br/centrais-de-conteudo/publicacoes/Cartilha_criacao_arquivos_municipais.pdf";
A04-Q07;04_Assistente_Administrativo/Assistente Administrativo 04 - Gestão de Materiais e Suprimentos.html;7;Autoral — rotina administrativa;Material aprofundado do projeto [Gaby];"https://repositorio.enap.gov.br/bitstream/1/2268/1/Enap%20Did%C3%A1ticos%20-%20Gest%C3%A3o%20de%20Materiais.pdf; https://www.gov.br/conarq/pt-br/centrais-de-conteudo/publicacoes/Cartilha_criacao_arquivos_municipais.pdf";
A04-Q08;04_Assistente_Administrativo/Assistente Administrativo 04 - Gestão de Materiais e Suprimentos.html;8;Autoral — rotina administrativa;Material aprofundado do projeto [Gaby];"https://repositorio.enap.gov.br/bitstream/1/2268/1/Enap%20Did%C3%A1ticos%20-%20Gest%C3%A3o%20de%20Materiais.pdf; https://www.gov.br/conarq/pt-br/centrais-de-conteudo/publicacoes/Cartilha_criacao_arquivos_municipais.pdf";
A04-Q09;04_Assistente_Administrativo/Assistente Administrativo 04 - Gestão de Materiais e Suprimentos.html;9;Autoral — rotina administrativa;Material aprofundado do projeto [Gaby];"https://repositorio.enap.gov.br/bitstream/1/2268/1/Enap%20Did%C3%A1ticos%20-%20Gest%C3%A3o%20de%20Materiais.pdf; https://www.gov.br/conarq/pt-br/centrais-de-conteudo/publicacoes/Cartilha_criacao_arquivos_municipais.pdf";
A04-Q10;04_Assistente_Administrativo/Assistente Administrativo 04 - Gestão de Materiais e Suprimentos.html;10;Autoral — rotina administrativa;Material aprofundado do projeto [Gaby];"https://repositorio.enap.gov.br/bitstream/1/2268/1/Enap%20Did%C3%A1ticos%20-%20Gest%C3%A3o%20de%20Materiais.pdf; https://www.gov.br/conarq/pt-br/centrais-de-conteudo/publicacoes/Cartilha_criacao_arquivos_municipais.pdf";
A05-Q01;04_Assistente_Administrativo/Assistente Administrativo 05 - Arquivística e Gestão Documental.html;1;Autoral — rotina administrativa;Material aprofundado do projeto [Gaby];"https://www.gov.br/conarq/pt-br/centrais-de-conteudo/publicacoes/Cartilha_criacao_arquivos_municipais.pdf; https://www.planalto.gov.br/ccivil_03/leis/l8159.htm";
A05-Q02;04_Assistente_Administrativo/Assistente Administrativo 05 - Arquivística e Gestão Documental.html;2;Autoral — rotina administrativa;Material aprofundado do projeto [Gaby];"https://www.gov.br/conarq/pt-br/centrais-de-conteudo/publicacoes/Cartilha_criacao_arquivos_municipais.pdf; https://www.planalto.gov.br/ccivil_03/leis/l8159.htm";
A05-Q03;04_Assistente_Administrativo/Assistente Administrativo 05 - Arquivística e Gestão Documental.html;3;Autoral — rotina administrativa;Material aprofundado do projeto [Gaby];"https://www.gov.br/conarq/pt-br/centrais-de-conteudo/publicacoes/Cartilha_criacao_arquivos_municipais.pdf; https://www.planalto.gov.br/ccivil_03/leis/l8159.htm";
A05-Q04;04_Assistente_Administrativo/Assistente Administrativo 05 - Arquivística e Gestão Documental.html;4;Autoral — rotina administrativa;Material aprofundado do projeto [Gaby];"https://www.gov.br/conarq/pt-br/centrais-de-conteudo/publicacoes/Cartilha_criacao_arquivos_municipais.pdf; https://www.planalto.gov.br/ccivil_03/leis/l8159.htm";
A05-Q05;04_Assistente_Administrativo/Assistente Administrativo 05 - Arquivística e Gestão Documental.html;5;Autoral — rotina administrativa;Material aprofundado do projeto [Gaby];"https://www.gov.br/conarq/pt-br/centrais-de-conteudo/publicacoes/Cartilha_criacao_arquivos_municipais.pdf; https://www.planalto.gov.br/ccivil_03/leis/l8159.htm";
A05-Q06;04_Assistente_Administrativo/Assistente Administrativo 05 - Arquivística e Gestão Documental.html;6;Autoral — rotina administrativa;Material aprofundado do projeto [Gaby];"https://www.gov.br/conarq/pt-br/centrais-de-conteudo/publicacoes/Cartilha_criacao_arquivos_municipais.pdf; https://www.planalto.gov.br/ccivil_03/leis/l8159.htm";
A05-Q07;04_Assistente_Administrativo/Assistente Administrativo 05 - Arquivística e Gestão Documental.html;7;Autoral — rotina administrativa;Material aprofundado do projeto [Gaby];"https://www.gov.br/conarq/pt-br/centrais-de-conteudo/publicacoes/Cartilha_criacao_arquivos_municipais.pdf; https://www.planalto.gov.br/ccivil_03/leis/l8159.htm";
A05-Q08;04_Assistente_Administrativo/Assistente Administrativo 05 - Arquivística e Gestão Documental.html;8;Autoral — rotina administrativa;Material aprofundado do projeto [Gaby];"https://www.gov.br/conarq/pt-br/centrais-de-conteudo/publicacoes/Cartilha_criacao_arquivos_municipais.pdf; https://www.planalto.gov.br/ccivil_03/leis/l8159.htm";
A05-Q09;04_Assistente_Administrativo/Assistente Administrativo 05 - Arquivística e Gestão Documental.html;9;Autoral — rotina administrativa;Material aprofundado do projeto [Gaby];"https://www.gov.br/conarq/pt-br/centrais-de-conteudo/publicacoes/Cartilha_criacao_arquivos_municipais.pdf; https://www.planalto.gov.br/ccivil_03/leis/l8159.htm";
A05-Q10;04_Assistente_Administrativo/Assistente Administrativo 05 - Arquivística e Gestão Documental.html;10;Autoral — rotina administrativa;Material aprofundado do projeto [Gaby];"https://www.gov.br/conarq/pt-br/centrais-de-conteudo/publicacoes/Cartilha_criacao_arquivos_municipais.pdf; https://www.planalto.gov.br/ccivil_03/leis/l8159.htm";
A06-Q01;04_Assistente_Administrativo/Assistente Administrativo 06 - Atendimento ao Público e Comunicação.html;1;Autoral — rotina administrativa;Material aprofundado do projeto [Gaby];"https://www.planalto.gov.br/ccivil_03/_ato2015-2018/2017/lei/l13460.htm; https://www.gov.br/cidades/pt-br/midia/documentos/pdf/manualderedacao.pdf";
A06-Q02;04_Assistente_Administrativo/Assistente Administrativo 06 - Atendimento ao Público e Comunicação.html;2;Autoral — rotina administrativa;Material aprofundado do projeto [Gaby];"https://www.planalto.gov.br/ccivil_03/_ato2015-2018/2017/lei/l13460.htm; https://www.gov.br/cidades/pt-br/midia/documentos/pdf/manualderedacao.pdf";
A06-Q03;04_Assistente_Administrativo/Assistente Administrativo 06 - Atendimento ao Público e Comunicação.html;3;Autoral — rotina administrativa;Material aprofundado do projeto [Gaby];"https://www.planalto.gov.br/ccivil_03/_ato2015-2018/2017/lei/l13460.htm; https://www.gov.br/cidades/pt-br/midia/documentos/pdf/manualderedacao.pdf";
A06-Q04;04_Assistente_Administrativo/Assistente Administrativo 06 - Atendimento ao Público e Comunicação.html;4;Autoral — rotina administrativa;Material aprofundado do projeto [Gaby];"https://www.planalto.gov.br/ccivil_03/_ato2015-2018/2017/lei/l13460.htm; https://www.gov.br/cidades/pt-br/midia/documentos/pdf/manualderedacao.pdf";
A06-Q05;04_Assistente_Administrativo/Assistente Administrativo 06 - Atendimento ao Público e Comunicação.html;5;Autoral — rotina administrativa;Material aprofundado do projeto [Gaby];"https://www.planalto.gov.br/ccivil_03/_ato2015-2018/2017/lei/l13460.htm; https://www.gov.br/cidades/pt-br/midia/documentos/pdf/manualderedacao.pdf";
A06-Q06;04_Assistente_Administrativo/Assistente Administrativo 06 - Atendimento ao Público e Comunicação.html;6;Autoral — rotina administrativa;Material aprofundado do projeto [Gaby];"https://www.planalto.gov.br/ccivil_03/_ato2015-2018/2017/lei/l13460.htm; https://www.gov.br/cidades/pt-br/midia/documentos/pdf/manualderedacao.pdf";
A06-Q07;04_Assistente_Administrativo/Assistente Administrativo 06 - Atendimento ao Público e Comunicação.html;7;Autoral — rotina administrativa;Material aprofundado do projeto [Gaby];"https://www.planalto.gov.br/ccivil_03/_ato2015-2018/2017/lei/l13460.htm; https://www.gov.br/cidades/pt-br/midia/documentos/pdf/manualderedacao.pdf";
A06-Q08;04_Assistente_Administrativo/Assistente Administrativo 06 - Atendimento ao Público e Comunicação.html;8;Autoral — rotina administrativa;Material aprofundado do projeto [Gaby];"https://www.planalto.gov.br/ccivil_03/_ato2015-2018/2017/lei/l13460.htm; https://www.gov.br/cidades/pt-br/midia/documentos/pdf/manualderedacao.pdf";
A06-Q09;04_Assistente_Administrativo/Assistente Administrativo 06 - Atendimento ao Público e Comunicação.html;9;Autoral — rotina administrativa;Material aprofundado do projeto [Gaby];"https://www.planalto.gov.br/ccivil_03/_ato2015-2018/2017/lei/l13460.htm; https://www.gov.br/cidades/pt-br/midia/documentos/pdf/manualderedacao.pdf";
A06-Q10;04_Assistente_Administrativo/Assistente Administrativo 06 - Atendimento ao Público e Comunicação.html;10;Autoral — rotina administrativa;Material aprofundado do projeto [Gaby];"https://www.planalto.gov.br/ccivil_03/_ato2015-2018/2017/lei/l13460.htm; https://www.gov.br/cidades/pt-br/midia/documentos/pdf/manualderedacao.pdf";
A07-Q01;04_Assistente_Administrativo/Assistente Administrativo 07 - Ética e Sigilo Profissional.html;1;Autoral — rotina administrativa;Material aprofundado do projeto [Gaby];"https://planalto.gov.br/ccivil_03/_ato2015-2018/2018/lei/l13709compilado.htm; https://www.planalto.gov.br/ccivil_03/constituicao/constituicao.htm";
A07-Q02;04_Assistente_Administrativo/Assistente Administrativo 07 - Ética e Sigilo Profissional.html;2;Autoral — rotina administrativa;Material aprofundado do projeto [Gaby];"https://planalto.gov.br/ccivil_03/_ato2015-2018/2018/lei/l13709compilado.htm; https://www.planalto.gov.br/ccivil_03/constituicao/constituicao.htm";
A07-Q03;04_Assistente_Administrativo/Assistente Administrativo 07 - Ética e Sigilo Profissional.html;3;Autoral — rotina administrativa;Material aprofundado do projeto [Gaby];"https://planalto.gov.br/ccivil_03/_ato2015-2018/2018/lei/l13709compilado.htm; https://www.planalto.gov.br/ccivil_03/constituicao/constituicao.htm";
A07-Q04;04_Assistente_Administrativo/Assistente Administrativo 07 - Ética e Sigilo Profissional.html;4;Autoral — rotina administrativa;Material aprofundado do projeto [Gaby];"https://planalto.gov.br/ccivil_03/_ato2015-2018/2018/lei/l13709compilado.htm; https://www.planalto.gov.br/ccivil_03/constituicao/constituicao.htm";
A07-Q05;04_Assistente_Administrativo/Assistente Administrativo 07 - Ética e Sigilo Profissional.html;5;Autoral — rotina administrativa;Material aprofundado do projeto [Gaby];"https://planalto.gov.br/ccivil_03/_ato2015-2018/2018/lei/l13709compilado.htm; https://www.planalto.gov.br/ccivil_03/constituicao/constituicao.htm";
A07-Q06;04_Assistente_Administrativo/Assistente Administrativo 07 - Ética e Sigilo Profissional.html;6;Autoral — rotina administrativa;Material aprofundado do projeto [Gaby];"https://planalto.gov.br/ccivil_03/_ato2015-2018/2018/lei/l13709compilado.htm; https://www.planalto.gov.br/ccivil_03/constituicao/constituicao.htm";
A07-Q07;04_Assistente_Administrativo/Assistente Administrativo 07 - Ética e Sigilo Profissional.html;7;Autoral — rotina administrativa;Material aprofundado do projeto [Gaby];"https://planalto.gov.br/ccivil_03/_ato2015-2018/2018/lei/l13709compilado.htm; https://www.planalto.gov.br/ccivil_03/constituicao/constituicao.htm";
A07-Q08;04_Assistente_Administrativo/Assistente Administrativo 07 - Ética e Sigilo Profissional.html;8;Autoral — rotina administrativa;Material aprofundado do projeto [Gaby];"https://planalto.gov.br/ccivil_03/_ato2015-2018/2018/lei/l13709compilado.htm; https://www.planalto.gov.br/ccivil_03/constituicao/constituicao.htm";
A07-Q09;04_Assistente_Administrativo/Assistente Administrativo 07 - Ética e Sigilo Profissional.html;9;Autoral — rotina administrativa;Material aprofundado do projeto [Gaby];"https://planalto.gov.br/ccivil_03/_ato2015-2018/2018/lei/l13709compilado.htm; https://www.planalto.gov.br/ccivil_03/constituicao/constituicao.htm";
A07-Q10;04_Assistente_Administrativo/Assistente Administrativo 07 - Ética e Sigilo Profissional.html;10;Autoral — rotina administrativa;Material aprofundado do projeto [Gaby];"https://planalto.gov.br/ccivil_03/_ato2015-2018/2018/lei/l13709compilado.htm; https://www.planalto.gov.br/ccivil_03/constituicao/constituicao.htm";
A08-Q01;04_Assistente_Administrativo/Assistente Administrativo 08 - Orçamento, Cálculos e Prestação de Contas.html;1;Autoral — rotina administrativa;Material aprofundado do projeto [Gaby];"https://www.planalto.gov.br/ccivil_03/leis/l4320.htm; https://www.planalto.gov.br/ccivil_03/constituicao/constituicao.htm";
A08-Q02;04_Assistente_Administrativo/Assistente Administrativo 08 - Orçamento, Cálculos e Prestação de Contas.html;2;Autoral — rotina administrativa;Material aprofundado do projeto [Gaby];"https://www.planalto.gov.br/ccivil_03/leis/l4320.htm; https://www.planalto.gov.br/ccivil_03/constituicao/constituicao.htm";
A08-Q03;04_Assistente_Administrativo/Assistente Administrativo 08 - Orçamento, Cálculos e Prestação de Contas.html;3;Autoral — rotina administrativa;Material aprofundado do projeto [Gaby];"https://www.planalto.gov.br/ccivil_03/leis/l4320.htm; https://www.planalto.gov.br/ccivil_03/constituicao/constituicao.htm";
A08-Q04;04_Assistente_Administrativo/Assistente Administrativo 08 - Orçamento, Cálculos e Prestação de Contas.html;4;Autoral — rotina administrativa;Material aprofundado do projeto [Gaby];"https://www.planalto.gov.br/ccivil_03/leis/l4320.htm; https://www.planalto.gov.br/ccivil_03/constituicao/constituicao.htm";
A08-Q05;04_Assistente_Administrativo/Assistente Administrativo 08 - Orçamento, Cálculos e Prestação de Contas.html;5;Autoral — rotina administrativa;Material aprofundado do projeto [Gaby];"https://www.planalto.gov.br/ccivil_03/leis/l4320.htm; https://www.planalto.gov.br/ccivil_03/constituicao/constituicao.htm";
A08-Q06;04_Assistente_Administrativo/Assistente Administrativo 08 - Orçamento, Cálculos e Prestação de Contas.html;6;Autoral — rotina administrativa;Material aprofundado do projeto [Gaby];"https://www.planalto.gov.br/ccivil_03/leis/l4320.htm; https://www.planalto.gov.br/ccivil_03/constituicao/constituicao.htm";
A08-Q07;04_Assistente_Administrativo/Assistente Administrativo 08 - Orçamento, Cálculos e Prestação de Contas.html;7;Autoral — rotina administrativa;Material aprofundado do projeto [Gaby];"https://www.planalto.gov.br/ccivil_03/leis/l4320.htm; https://www.planalto.gov.br/ccivil_03/constituicao/constituicao.htm";
A08-Q08;04_Assistente_Administrativo/Assistente Administrativo 08 - Orçamento, Cálculos e Prestação de Contas.html;8;Autoral — rotina administrativa;Material aprofundado do projeto [Gaby];"https://www.planalto.gov.br/ccivil_03/leis/l4320.htm; https://www.planalto.gov.br/ccivil_03/constituicao/constituicao.htm";
A08-Q09;04_Assistente_Administrativo/Assistente Administrativo 08 - Orçamento, Cálculos e Prestação de Contas.html;9;Autoral — rotina administrativa;Material aprofundado do projeto [Gaby];"https://www.planalto.gov.br/ccivil_03/leis/l4320.htm; https://www.planalto.gov.br/ccivil_03/constituicao/constituicao.htm";
A08-Q10;04_Assistente_Administrativo/Assistente Administrativo 08 - Orçamento, Cálculos e Prestação de Contas.html;10;Autoral — rotina administrativa;Material aprofundado do projeto [Gaby];"https://www.planalto.gov.br/ccivil_03/leis/l4320.htm; https://www.planalto.gov.br/ccivil_03/constituicao/constituicao.htm";
S01-Q01;05_Secretario_Escola/Secretário de Escola 01 - LDB - Lei 9.394-1996.html;1;Autoral — interpretação e aplicação de norma;Material aprofundado do projeto [Gaby];"https://www.planalto.gov.br/ccivil_03/leis/l9394compilado.htm; https://www.planalto.gov.br/ccivil_03/constituicao/constituicao.htm";Art. 4º, I
S01-Q02;05_Secretario_Escola/Secretário de Escola 01 - LDB - Lei 9.394-1996.html;2;Autoral — interpretação e aplicação de norma;Material aprofundado do projeto [Gaby];"https://www.planalto.gov.br/ccivil_03/leis/l9394compilado.htm; https://www.planalto.gov.br/ccivil_03/constituicao/constituicao.htm";Art. 6º
S01-Q03;05_Secretario_Escola/Secretário de Escola 01 - LDB - Lei 9.394-1996.html;3;Autoral — interpretação e aplicação de norma;Material aprofundado do projeto [Gaby];"https://www.planalto.gov.br/ccivil_03/leis/l9394compilado.htm; https://www.planalto.gov.br/ccivil_03/constituicao/constituicao.htm";Art. 5º
S01-Q04;05_Secretario_Escola/Secretário de Escola 01 - LDB - Lei 9.394-1996.html;4;Autoral — interpretação e aplicação de norma;Material aprofundado do projeto [Gaby];"https://www.planalto.gov.br/ccivil_03/leis/l9394compilado.htm; https://www.planalto.gov.br/ccivil_03/constituicao/constituicao.htm";Art. 24, V, a
S01-Q05;05_Secretario_Escola/Secretário de Escola 01 - LDB - Lei 9.394-1996.html;5;Autoral — interpretação e aplicação de norma;Material aprofundado do projeto [Gaby];"https://www.planalto.gov.br/ccivil_03/leis/l9394compilado.htm; https://www.planalto.gov.br/ccivil_03/constituicao/constituicao.htm";Art. 11, V
S01-Q06;05_Secretario_Escola/Secretário de Escola 01 - LDB - Lei 9.394-1996.html;6;Autoral — interpretação e aplicação de norma;Material aprofundado do projeto [Gaby];"https://www.planalto.gov.br/ccivil_03/leis/l9394compilado.htm; https://www.planalto.gov.br/ccivil_03/constituicao/constituicao.htm";Art. 12, II
S01-Q07;05_Secretario_Escola/Secretário de Escola 01 - LDB - Lei 9.394-1996.html;7;Autoral — interpretação e aplicação de norma;Material aprofundado do projeto [Gaby];"https://www.planalto.gov.br/ccivil_03/leis/l9394compilado.htm; https://www.planalto.gov.br/ccivil_03/constituicao/constituicao.htm";Art. 1º, § 2º
S01-Q08;05_Secretario_Escola/Secretário de Escola 01 - LDB - Lei 9.394-1996.html;8;Autoral — interpretação e aplicação de norma;Material aprofundado do projeto [Gaby];"https://www.planalto.gov.br/ccivil_03/leis/l9394compilado.htm; https://www.planalto.gov.br/ccivil_03/constituicao/constituicao.htm";Art. 58, caput, como exemplo de uso de “preferencialmente”
S01-Q09;05_Secretario_Escola/Secretário de Escola 01 - LDB - Lei 9.394-1996.html;9;Autoral — interpretação e aplicação de norma;Material aprofundado do projeto [Gaby];"https://www.planalto.gov.br/ccivil_03/leis/l9394compilado.htm; https://www.planalto.gov.br/ccivil_03/constituicao/constituicao.htm";Art. 24, VI
S01-Q10;05_Secretario_Escola/Secretário de Escola 01 - LDB - Lei 9.394-1996.html;10;Autoral — interpretação e aplicação de norma;Material aprofundado do projeto [Gaby];"https://www.planalto.gov.br/ccivil_03/leis/l9394compilado.htm; https://www.planalto.gov.br/ccivil_03/constituicao/constituicao.htm";Art. 24, VII, como fundamento documental
S02-Q01;05_Secretario_Escola/Secretário de Escola 02 - Escrituração Escolar.html;1;Autoral — rotina escolar;Material aprofundado do projeto [Gaby];"https://www.planalto.gov.br/ccivil_03/leis/l9394compilado.htm; https://www.gov.br/conarq/pt-br/centrais-de-conteudo/publicacoes/Cartilha_criacao_arquivos_municipais.pdf";
S02-Q02;05_Secretario_Escola/Secretário de Escola 02 - Escrituração Escolar.html;2;Autoral — rotina escolar;Material aprofundado do projeto [Gaby];"https://www.planalto.gov.br/ccivil_03/leis/l9394compilado.htm; https://www.gov.br/conarq/pt-br/centrais-de-conteudo/publicacoes/Cartilha_criacao_arquivos_municipais.pdf";
S02-Q03;05_Secretario_Escola/Secretário de Escola 02 - Escrituração Escolar.html;3;Autoral — rotina escolar;Material aprofundado do projeto [Gaby];"https://www.planalto.gov.br/ccivil_03/leis/l9394compilado.htm; https://www.gov.br/conarq/pt-br/centrais-de-conteudo/publicacoes/Cartilha_criacao_arquivos_municipais.pdf";
S02-Q04;05_Secretario_Escola/Secretário de Escola 02 - Escrituração Escolar.html;4;Autoral — rotina escolar;Material aprofundado do projeto [Gaby];"https://www.planalto.gov.br/ccivil_03/leis/l9394compilado.htm; https://www.gov.br/conarq/pt-br/centrais-de-conteudo/publicacoes/Cartilha_criacao_arquivos_municipais.pdf";
S02-Q05;05_Secretario_Escola/Secretário de Escola 02 - Escrituração Escolar.html;5;Autoral — rotina escolar;Material aprofundado do projeto [Gaby];"https://www.planalto.gov.br/ccivil_03/leis/l9394compilado.htm; https://www.gov.br/conarq/pt-br/centrais-de-conteudo/publicacoes/Cartilha_criacao_arquivos_municipais.pdf";
S02-Q06;05_Secretario_Escola/Secretário de Escola 02 - Escrituração Escolar.html;6;Autoral — rotina escolar;Material aprofundado do projeto [Gaby];"https://www.planalto.gov.br/ccivil_03/leis/l9394compilado.htm; https://www.gov.br/conarq/pt-br/centrais-de-conteudo/publicacoes/Cartilha_criacao_arquivos_municipais.pdf";
S02-Q07;05_Secretario_Escola/Secretário de Escola 02 - Escrituração Escolar.html;7;Autoral — rotina escolar;Material aprofundado do projeto [Gaby];"https://www.planalto.gov.br/ccivil_03/leis/l9394compilado.htm; https://www.gov.br/conarq/pt-br/centrais-de-conteudo/publicacoes/Cartilha_criacao_arquivos_municipais.pdf";
S02-Q08;05_Secretario_Escola/Secretário de Escola 02 - Escrituração Escolar.html;8;Autoral — rotina escolar;Material aprofundado do projeto [Gaby];"https://www.planalto.gov.br/ccivil_03/leis/l9394compilado.htm; https://www.gov.br/conarq/pt-br/centrais-de-conteudo/publicacoes/Cartilha_criacao_arquivos_municipais.pdf";
S02-Q09;05_Secretario_Escola/Secretário de Escola 02 - Escrituração Escolar.html;9;Autoral — rotina escolar;Material aprofundado do projeto [Gaby];"https://www.planalto.gov.br/ccivil_03/leis/l9394compilado.htm; https://www.gov.br/conarq/pt-br/centrais-de-conteudo/publicacoes/Cartilha_criacao_arquivos_municipais.pdf";
S02-Q10;05_Secretario_Escola/Secretário de Escola 02 - Escrituração Escolar.html;10;Autoral — rotina escolar;Material aprofundado do projeto [Gaby];"https://www.planalto.gov.br/ccivil_03/leis/l9394compilado.htm; https://www.gov.br/conarq/pt-br/centrais-de-conteudo/publicacoes/Cartilha_criacao_arquivos_municipais.pdf";
S03-Q01;05_Secretario_Escola/Secretário de Escola 03 - Registros Individuais, Ficha e Histórico Escolar.html;1;Autoral — rotina escolar;Material aprofundado do projeto [Gaby];"https://www.planalto.gov.br/ccivil_03/leis/l9394compilado.htm; https://www.gov.br/conarq/pt-br/centrais-de-conteudo/publicacoes/Cartilha_criacao_arquivos_municipais.pdf";
S03-Q02;05_Secretario_Escola/Secretário de Escola 03 - Registros Individuais, Ficha e Histórico Escolar.html;2;Autoral — rotina escolar;Material aprofundado do projeto [Gaby];"https://www.planalto.gov.br/ccivil_03/leis/l9394compilado.htm; https://www.gov.br/conarq/pt-br/centrais-de-conteudo/publicacoes/Cartilha_criacao_arquivos_municipais.pdf";
S03-Q03;05_Secretario_Escola/Secretário de Escola 03 - Registros Individuais, Ficha e Histórico Escolar.html;3;Autoral — rotina escolar;Material aprofundado do projeto [Gaby];"https://www.planalto.gov.br/ccivil_03/leis/l9394compilado.htm; https://www.gov.br/conarq/pt-br/centrais-de-conteudo/publicacoes/Cartilha_criacao_arquivos_municipais.pdf";
S03-Q04;05_Secretario_Escola/Secretário de Escola 03 - Registros Individuais, Ficha e Histórico Escolar.html;4;Autoral — rotina escolar;Material aprofundado do projeto [Gaby];"https://www.planalto.gov.br/ccivil_03/leis/l9394compilado.htm; https://www.gov.br/conarq/pt-br/centrais-de-conteudo/publicacoes/Cartilha_criacao_arquivos_municipais.pdf";
S03-Q05;05_Secretario_Escola/Secretário de Escola 03 - Registros Individuais, Ficha e Histórico Escolar.html;5;Autoral — rotina escolar;Material aprofundado do projeto [Gaby];"https://www.planalto.gov.br/ccivil_03/leis/l9394compilado.htm; https://www.gov.br/conarq/pt-br/centrais-de-conteudo/publicacoes/Cartilha_criacao_arquivos_municipais.pdf";
S03-Q06;05_Secretario_Escola/Secretário de Escola 03 - Registros Individuais, Ficha e Histórico Escolar.html;6;Autoral — rotina escolar;Material aprofundado do projeto [Gaby];"https://www.planalto.gov.br/ccivil_03/leis/l9394compilado.htm; https://www.gov.br/conarq/pt-br/centrais-de-conteudo/publicacoes/Cartilha_criacao_arquivos_municipais.pdf";
S03-Q07;05_Secretario_Escola/Secretário de Escola 03 - Registros Individuais, Ficha e Histórico Escolar.html;7;Autoral — rotina escolar;Material aprofundado do projeto [Gaby];"https://www.planalto.gov.br/ccivil_03/leis/l9394compilado.htm; https://www.gov.br/conarq/pt-br/centrais-de-conteudo/publicacoes/Cartilha_criacao_arquivos_municipais.pdf";
S03-Q08;05_Secretario_Escola/Secretário de Escola 03 - Registros Individuais, Ficha e Histórico Escolar.html;8;Autoral — rotina escolar;Material aprofundado do projeto [Gaby];"https://www.planalto.gov.br/ccivil_03/leis/l9394compilado.htm; https://www.gov.br/conarq/pt-br/centrais-de-conteudo/publicacoes/Cartilha_criacao_arquivos_municipais.pdf";
S03-Q09;05_Secretario_Escola/Secretário de Escola 03 - Registros Individuais, Ficha e Histórico Escolar.html;9;Autoral — rotina escolar;Material aprofundado do projeto [Gaby];"https://www.planalto.gov.br/ccivil_03/leis/l9394compilado.htm; https://www.gov.br/conarq/pt-br/centrais-de-conteudo/publicacoes/Cartilha_criacao_arquivos_municipais.pdf";
S03-Q10;05_Secretario_Escola/Secretário de Escola 03 - Registros Individuais, Ficha e Histórico Escolar.html;10;Autoral — rotina escolar;Material aprofundado do projeto [Gaby];"https://www.planalto.gov.br/ccivil_03/leis/l9394compilado.htm; https://www.gov.br/conarq/pt-br/centrais-de-conteudo/publicacoes/Cartilha_criacao_arquivos_municipais.pdf";
S04-Q01;05_Secretario_Escola/Secretário de Escola 04 - Matrícula, Frequência e Transferência.html;1;Autoral — rotina escolar;Material aprofundado do projeto [Gaby];"https://www.planalto.gov.br/ccivil_03/leis/l9394compilado.htm; https://www.planalto.gov.br/ccivil_03/leis/l8069compilado.htm";
S04-Q02;05_Secretario_Escola/Secretário de Escola 04 - Matrícula, Frequência e Transferência.html;2;Autoral — rotina escolar;Material aprofundado do projeto [Gaby];"https://www.planalto.gov.br/ccivil_03/leis/l9394compilado.htm; https://www.planalto.gov.br/ccivil_03/leis/l8069compilado.htm";
S04-Q03;05_Secretario_Escola/Secretário de Escola 04 - Matrícula, Frequência e Transferência.html;3;Autoral — rotina escolar;Material aprofundado do projeto [Gaby];"https://www.planalto.gov.br/ccivil_03/leis/l9394compilado.htm; https://www.planalto.gov.br/ccivil_03/leis/l8069compilado.htm";
S04-Q04;05_Secretario_Escola/Secretário de Escola 04 - Matrícula, Frequência e Transferência.html;4;Autoral — rotina escolar;Material aprofundado do projeto [Gaby];"https://www.planalto.gov.br/ccivil_03/leis/l9394compilado.htm; https://www.planalto.gov.br/ccivil_03/leis/l8069compilado.htm";
S04-Q05;05_Secretario_Escola/Secretário de Escola 04 - Matrícula, Frequência e Transferência.html;5;Autoral — rotina escolar;Material aprofundado do projeto [Gaby];"https://www.planalto.gov.br/ccivil_03/leis/l9394compilado.htm; https://www.planalto.gov.br/ccivil_03/leis/l8069compilado.htm";
S04-Q06;05_Secretario_Escola/Secretário de Escola 04 - Matrícula, Frequência e Transferência.html;6;Autoral — rotina escolar;Material aprofundado do projeto [Gaby];"https://www.planalto.gov.br/ccivil_03/leis/l9394compilado.htm; https://www.planalto.gov.br/ccivil_03/leis/l8069compilado.htm";
S04-Q07;05_Secretario_Escola/Secretário de Escola 04 - Matrícula, Frequência e Transferência.html;7;Autoral — rotina escolar;Material aprofundado do projeto [Gaby];"https://www.planalto.gov.br/ccivil_03/leis/l9394compilado.htm; https://www.planalto.gov.br/ccivil_03/leis/l8069compilado.htm";
S04-Q08;05_Secretario_Escola/Secretário de Escola 04 - Matrícula, Frequência e Transferência.html;8;Autoral — rotina escolar;Material aprofundado do projeto [Gaby];"https://www.planalto.gov.br/ccivil_03/leis/l9394compilado.htm; https://www.planalto.gov.br/ccivil_03/leis/l8069compilado.htm";
S04-Q09;05_Secretario_Escola/Secretário de Escola 04 - Matrícula, Frequência e Transferência.html;9;Autoral — rotina escolar;Material aprofundado do projeto [Gaby];"https://www.planalto.gov.br/ccivil_03/leis/l9394compilado.htm; https://www.planalto.gov.br/ccivil_03/leis/l8069compilado.htm";
S04-Q10;05_Secretario_Escola/Secretário de Escola 04 - Matrícula, Frequência e Transferência.html;10;Autoral — rotina escolar;Material aprofundado do projeto [Gaby];"https://www.planalto.gov.br/ccivil_03/leis/l9394compilado.htm; https://www.planalto.gov.br/ccivil_03/leis/l8069compilado.htm";
S05-Q01;05_Secretario_Escola/Secretário de Escola 05 - Protocolo e Arquivo Escolar.html;1;Autoral — rotina escolar;Material aprofundado do projeto [Gaby];"https://www.gov.br/conarq/pt-br/centrais-de-conteudo/publicacoes/Cartilha_criacao_arquivos_municipais.pdf; https://www.planalto.gov.br/ccivil_03/leis/l8159.htm";
S05-Q02;05_Secretario_Escola/Secretário de Escola 05 - Protocolo e Arquivo Escolar.html;2;Autoral — rotina escolar;Material aprofundado do projeto [Gaby];"https://www.gov.br/conarq/pt-br/centrais-de-conteudo/publicacoes/Cartilha_criacao_arquivos_municipais.pdf; https://www.planalto.gov.br/ccivil_03/leis/l8159.htm";
S05-Q03;05_Secretario_Escola/Secretário de Escola 05 - Protocolo e Arquivo Escolar.html;3;Autoral — rotina escolar;Material aprofundado do projeto [Gaby];"https://www.gov.br/conarq/pt-br/centrais-de-conteudo/publicacoes/Cartilha_criacao_arquivos_municipais.pdf; https://www.planalto.gov.br/ccivil_03/leis/l8159.htm";
S05-Q04;05_Secretario_Escola/Secretário de Escola 05 - Protocolo e Arquivo Escolar.html;4;Autoral — rotina escolar;Material aprofundado do projeto [Gaby];"https://www.gov.br/conarq/pt-br/centrais-de-conteudo/publicacoes/Cartilha_criacao_arquivos_municipais.pdf; https://www.planalto.gov.br/ccivil_03/leis/l8159.htm";
S05-Q05;05_Secretario_Escola/Secretário de Escola 05 - Protocolo e Arquivo Escolar.html;5;Autoral — rotina escolar;Material aprofundado do projeto [Gaby];"https://www.gov.br/conarq/pt-br/centrais-de-conteudo/publicacoes/Cartilha_criacao_arquivos_municipais.pdf; https://www.planalto.gov.br/ccivil_03/leis/l8159.htm";
S05-Q06;05_Secretario_Escola/Secretário de Escola 05 - Protocolo e Arquivo Escolar.html;6;Autoral — rotina escolar;Material aprofundado do projeto [Gaby];"https://www.gov.br/conarq/pt-br/centrais-de-conteudo/publicacoes/Cartilha_criacao_arquivos_municipais.pdf; https://www.planalto.gov.br/ccivil_03/leis/l8159.htm";
S05-Q07;05_Secretario_Escola/Secretário de Escola 05 - Protocolo e Arquivo Escolar.html;7;Autoral — rotina escolar;Material aprofundado do projeto [Gaby];"https://www.gov.br/conarq/pt-br/centrais-de-conteudo/publicacoes/Cartilha_criacao_arquivos_municipais.pdf; https://www.planalto.gov.br/ccivil_03/leis/l8159.htm";
S05-Q08;05_Secretario_Escola/Secretário de Escola 05 - Protocolo e Arquivo Escolar.html;8;Autoral — rotina escolar;Material aprofundado do projeto [Gaby];"https://www.gov.br/conarq/pt-br/centrais-de-conteudo/publicacoes/Cartilha_criacao_arquivos_municipais.pdf; https://www.planalto.gov.br/ccivil_03/leis/l8159.htm";
S05-Q09;05_Secretario_Escola/Secretário de Escola 05 - Protocolo e Arquivo Escolar.html;9;Autoral — rotina escolar;Material aprofundado do projeto [Gaby];"https://www.gov.br/conarq/pt-br/centrais-de-conteudo/publicacoes/Cartilha_criacao_arquivos_municipais.pdf; https://www.planalto.gov.br/ccivil_03/leis/l8159.htm";
S05-Q10;05_Secretario_Escola/Secretário de Escola 05 - Protocolo e Arquivo Escolar.html;10;Autoral — rotina escolar;Material aprofundado do projeto [Gaby];"https://www.gov.br/conarq/pt-br/centrais-de-conteudo/publicacoes/Cartilha_criacao_arquivos_municipais.pdf; https://www.planalto.gov.br/ccivil_03/leis/l8159.htm";
S06-Q01;05_Secretario_Escola/Secretário de Escola 06 - Redação Oficial - Atas, Ofícios e Requerimentos.html;1;Autoral — rotina escolar;Material aprofundado do projeto [Gaby];https://www.gov.br/cidades/pt-br/midia/documentos/pdf/manualderedacao.pdf;
S06-Q02;05_Secretario_Escola/Secretário de Escola 06 - Redação Oficial - Atas, Ofícios e Requerimentos.html;2;Autoral — rotina escolar;Material aprofundado do projeto [Gaby];https://www.gov.br/cidades/pt-br/midia/documentos/pdf/manualderedacao.pdf;
S06-Q03;05_Secretario_Escola/Secretário de Escola 06 - Redação Oficial - Atas, Ofícios e Requerimentos.html;3;Autoral — rotina escolar;Material aprofundado do projeto [Gaby];https://www.gov.br/cidades/pt-br/midia/documentos/pdf/manualderedacao.pdf;
S06-Q04;05_Secretario_Escola/Secretário de Escola 06 - Redação Oficial - Atas, Ofícios e Requerimentos.html;4;Autoral — rotina escolar;Material aprofundado do projeto [Gaby];https://www.gov.br/cidades/pt-br/midia/documentos/pdf/manualderedacao.pdf;
S06-Q05;05_Secretario_Escola/Secretário de Escola 06 - Redação Oficial - Atas, Ofícios e Requerimentos.html;5;Autoral — rotina escolar;Material aprofundado do projeto [Gaby];https://www.gov.br/cidades/pt-br/midia/documentos/pdf/manualderedacao.pdf;
S06-Q06;05_Secretario_Escola/Secretário de Escola 06 - Redação Oficial - Atas, Ofícios e Requerimentos.html;6;Autoral — rotina escolar;Material aprofundado do projeto [Gaby];https://www.gov.br/cidades/pt-br/midia/documentos/pdf/manualderedacao.pdf;
S06-Q07;05_Secretario_Escola/Secretário de Escola 06 - Redação Oficial - Atas, Ofícios e Requerimentos.html;7;Autoral — rotina escolar;Material aprofundado do projeto [Gaby];https://www.gov.br/cidades/pt-br/midia/documentos/pdf/manualderedacao.pdf;
S06-Q08;05_Secretario_Escola/Secretário de Escola 06 - Redação Oficial - Atas, Ofícios e Requerimentos.html;8;Autoral — rotina escolar;Material aprofundado do projeto [Gaby];https://www.gov.br/cidades/pt-br/midia/documentos/pdf/manualderedacao.pdf;
S06-Q09;05_Secretario_Escola/Secretário de Escola 06 - Redação Oficial - Atas, Ofícios e Requerimentos.html;9;Autoral — rotina escolar;Material aprofundado do projeto [Gaby];https://www.gov.br/cidades/pt-br/midia/documentos/pdf/manualderedacao.pdf;
S06-Q10;05_Secretario_Escola/Secretário de Escola 06 - Redação Oficial - Atas, Ofícios e Requerimentos.html;10;Autoral — rotina escolar;Material aprofundado do projeto [Gaby];https://www.gov.br/cidades/pt-br/midia/documentos/pdf/manualderedacao.pdf;
S07-Q01;05_Secretario_Escola/Secretário de Escola 07 - Constituição Federal - Educação - arts. 205 a 214.html;1;Autoral — interpretação e aplicação de norma;Material aprofundado do projeto [Gaby];https://www.planalto.gov.br/ccivil_03/constituicao/constituicao.htm;Art. 205
S07-Q02;05_Secretario_Escola/Secretário de Escola 07 - Constituição Federal - Educação - arts. 205 a 214.html;2;Autoral — interpretação e aplicação de norma;Material aprofundado do projeto [Gaby];https://www.planalto.gov.br/ccivil_03/constituicao/constituicao.htm;Art. 206, I
S07-Q03;05_Secretario_Escola/Secretário de Escola 07 - Constituição Federal - Educação - arts. 205 a 214.html;3;Autoral — interpretação e aplicação de norma;Material aprofundado do projeto [Gaby];https://www.planalto.gov.br/ccivil_03/constituicao/constituicao.htm;Art. 208, I
S07-Q04;05_Secretario_Escola/Secretário de Escola 07 - Constituição Federal - Educação - arts. 205 a 214.html;4;Autoral — interpretação e aplicação de norma;Material aprofundado do projeto [Gaby];https://www.planalto.gov.br/ccivil_03/constituicao/constituicao.htm;Art. 211, § 2º
S07-Q05;05_Secretario_Escola/Secretário de Escola 07 - Constituição Federal - Educação - arts. 205 a 214.html;5;Autoral — interpretação e aplicação de norma;Material aprofundado do projeto [Gaby];https://www.planalto.gov.br/ccivil_03/constituicao/constituicao.htm;Art. 211, § 3º
S07-Q06;05_Secretario_Escola/Secretário de Escola 07 - Constituição Federal - Educação - arts. 205 a 214.html;6;Autoral — interpretação e aplicação de norma;Material aprofundado do projeto [Gaby];https://www.planalto.gov.br/ccivil_03/constituicao/constituicao.htm;Art. 212, caput
S07-Q07;05_Secretario_Escola/Secretário de Escola 07 - Constituição Federal - Educação - arts. 205 a 214.html;7;Autoral — interpretação e aplicação de norma;Material aprofundado do projeto [Gaby];https://www.planalto.gov.br/ccivil_03/constituicao/constituicao.htm;Art. 212, caput
S07-Q08;05_Secretario_Escola/Secretário de Escola 07 - Constituição Federal - Educação - arts. 205 a 214.html;8;Autoral — interpretação e aplicação de norma;Material aprofundado do projeto [Gaby];https://www.planalto.gov.br/ccivil_03/constituicao/constituicao.htm;Art. 214, caput
S07-Q09;05_Secretario_Escola/Secretário de Escola 07 - Constituição Federal - Educação - arts. 205 a 214.html;9;Autoral — interpretação e aplicação de norma;Material aprofundado do projeto [Gaby];https://www.planalto.gov.br/ccivil_03/constituicao/constituicao.htm;Art. 208, § 1º
S07-Q10;05_Secretario_Escola/Secretário de Escola 07 - Constituição Federal - Educação - arts. 205 a 214.html;10;Autoral — interpretação e aplicação de norma;Material aprofundado do projeto [Gaby];https://www.planalto.gov.br/ccivil_03/constituicao/constituicao.htm;Art. 208, III
S08-Q01;05_Secretario_Escola/Secretário de Escola 08 - ECA - arts. 1 a 6 e 53 a 69.html;1;Autoral — interpretação e aplicação de norma;Material aprofundado do projeto [Gaby];"https://www.planalto.gov.br/ccivil_03/leis/l8069compilado.htm; https://www.planalto.gov.br/ccivil_03/constituicao/constituicao.htm";Art. 2º
S08-Q02;05_Secretario_Escola/Secretário de Escola 08 - ECA - arts. 1 a 6 e 53 a 69.html;2;Autoral — interpretação e aplicação de norma;Material aprofundado do projeto [Gaby];"https://www.planalto.gov.br/ccivil_03/leis/l8069compilado.htm; https://www.planalto.gov.br/ccivil_03/constituicao/constituicao.htm";Art. 2º
S08-Q03;05_Secretario_Escola/Secretário de Escola 08 - ECA - arts. 1 a 6 e 53 a 69.html;3;Autoral — interpretação e aplicação de norma;Material aprofundado do projeto [Gaby];"https://www.planalto.gov.br/ccivil_03/leis/l8069compilado.htm; https://www.planalto.gov.br/ccivil_03/constituicao/constituicao.htm";Art. 1º
S08-Q04;05_Secretario_Escola/Secretário de Escola 08 - ECA - arts. 1 a 6 e 53 a 69.html;4;Autoral — interpretação e aplicação de norma;Material aprofundado do projeto [Gaby];"https://www.planalto.gov.br/ccivil_03/leis/l8069compilado.htm; https://www.planalto.gov.br/ccivil_03/constituicao/constituicao.htm";Art. 53, III
S08-Q05;05_Secretario_Escola/Secretário de Escola 08 - ECA - arts. 1 a 6 e 53 a 69.html;5;Autoral — interpretação e aplicação de norma;Material aprofundado do projeto [Gaby];"https://www.planalto.gov.br/ccivil_03/leis/l8069compilado.htm; https://www.planalto.gov.br/ccivil_03/constituicao/constituicao.htm";Art. 53, parágrafo único
S08-Q06;05_Secretario_Escola/Secretário de Escola 08 - ECA - arts. 1 a 6 e 53 a 69.html;6;Autoral — interpretação e aplicação de norma;Material aprofundado do projeto [Gaby];"https://www.planalto.gov.br/ccivil_03/leis/l8069compilado.htm; https://www.planalto.gov.br/ccivil_03/constituicao/constituicao.htm";Art. 56, II
S08-Q07;05_Secretario_Escola/Secretário de Escola 08 - ECA - arts. 1 a 6 e 53 a 69.html;7;Autoral — interpretação e aplicação de norma;Material aprofundado do projeto [Gaby];"https://www.planalto.gov.br/ccivil_03/leis/l8069compilado.htm; https://www.planalto.gov.br/ccivil_03/constituicao/constituicao.htm";Art. 67, IV
S08-Q08;05_Secretario_Escola/Secretário de Escola 08 - ECA - arts. 1 a 6 e 53 a 69.html;8;Autoral — interpretação e aplicação de norma;Material aprofundado do projeto [Gaby];"https://www.planalto.gov.br/ccivil_03/leis/l8069compilado.htm; https://www.planalto.gov.br/ccivil_03/constituicao/constituicao.htm";Art. 6º
S08-Q09;05_Secretario_Escola/Secretário de Escola 08 - ECA - arts. 1 a 6 e 53 a 69.html;9;Autoral — interpretação e aplicação de norma;Material aprofundado do projeto [Gaby];"https://www.planalto.gov.br/ccivil_03/leis/l8069compilado.htm; https://www.planalto.gov.br/ccivil_03/constituicao/constituicao.htm";Art. 4º
S08-Q10;05_Secretario_Escola/Secretário de Escola 08 - ECA - arts. 1 a 6 e 53 a 69.html;10;Autoral — interpretação e aplicação de norma;Material aprofundado do projeto [Gaby];"https://www.planalto.gov.br/ccivil_03/leis/l8069compilado.htm; https://www.planalto.gov.br/ccivil_03/constituicao/constituicao.htm";Art. 69, I
S09-Q01;05_Secretario_Escola/Secretário de Escola 09 - Atendimento ao Público e Comunicação Escolar.html;1;Autoral — rotina escolar;Material aprofundado do projeto [Gaby];"https://www.planalto.gov.br/ccivil_03/leis/l8069compilado.htm; https://planalto.gov.br/ccivil_03/_ato2015-2018/2018/lei/l13709compilado.htm; https://www.planalto.gov.br/ccivil_03/_ato2015-2018/2017/lei/l13460.htm";
S09-Q02;05_Secretario_Escola/Secretário de Escola 09 - Atendimento ao Público e Comunicação Escolar.html;2;Autoral — rotina escolar;Material aprofundado do projeto [Gaby];"https://www.planalto.gov.br/ccivil_03/leis/l8069compilado.htm; https://planalto.gov.br/ccivil_03/_ato2015-2018/2018/lei/l13709compilado.htm; https://www.planalto.gov.br/ccivil_03/_ato2015-2018/2017/lei/l13460.htm";
S09-Q03;05_Secretario_Escola/Secretário de Escola 09 - Atendimento ao Público e Comunicação Escolar.html;3;Autoral — rotina escolar;Material aprofundado do projeto [Gaby];"https://www.planalto.gov.br/ccivil_03/leis/l8069compilado.htm; https://planalto.gov.br/ccivil_03/_ato2015-2018/2018/lei/l13709compilado.htm; https://www.planalto.gov.br/ccivil_03/_ato2015-2018/2017/lei/l13460.htm";
S09-Q04;05_Secretario_Escola/Secretário de Escola 09 - Atendimento ao Público e Comunicação Escolar.html;4;Autoral — rotina escolar;Material aprofundado do projeto [Gaby];"https://www.planalto.gov.br/ccivil_03/leis/l8069compilado.htm; https://planalto.gov.br/ccivil_03/_ato2015-2018/2018/lei/l13709compilado.htm; https://www.planalto.gov.br/ccivil_03/_ato2015-2018/2017/lei/l13460.htm";
S09-Q05;05_Secretario_Escola/Secretário de Escola 09 - Atendimento ao Público e Comunicação Escolar.html;5;Autoral — rotina escolar;Material aprofundado do projeto [Gaby];"https://www.planalto.gov.br/ccivil_03/leis/l8069compilado.htm; https://planalto.gov.br/ccivil_03/_ato2015-2018/2018/lei/l13709compilado.htm; https://www.planalto.gov.br/ccivil_03/_ato2015-2018/2017/lei/l13460.htm";
S09-Q06;05_Secretario_Escola/Secretário de Escola 09 - Atendimento ao Público e Comunicação Escolar.html;6;Autoral — rotina escolar;Material aprofundado do projeto [Gaby];"https://www.planalto.gov.br/ccivil_03/leis/l8069compilado.htm; https://planalto.gov.br/ccivil_03/_ato2015-2018/2018/lei/l13709compilado.htm; https://www.planalto.gov.br/ccivil_03/_ato2015-2018/2017/lei/l13460.htm";
S09-Q07;05_Secretario_Escola/Secretário de Escola 09 - Atendimento ao Público e Comunicação Escolar.html;7;Autoral — rotina escolar;Material aprofundado do projeto [Gaby];"https://www.planalto.gov.br/ccivil_03/leis/l8069compilado.htm; https://planalto.gov.br/ccivil_03/_ato2015-2018/2018/lei/l13709compilado.htm; https://www.planalto.gov.br/ccivil_03/_ato2015-2018/2017/lei/l13460.htm";
S09-Q08;05_Secretario_Escola/Secretário de Escola 09 - Atendimento ao Público e Comunicação Escolar.html;8;Autoral — rotina escolar;Material aprofundado do projeto [Gaby];"https://www.planalto.gov.br/ccivil_03/leis/l8069compilado.htm; https://planalto.gov.br/ccivil_03/_ato2015-2018/2018/lei/l13709compilado.htm; https://www.planalto.gov.br/ccivil_03/_ato2015-2018/2017/lei/l13460.htm";
S09-Q09;05_Secretario_Escola/Secretário de Escola 09 - Atendimento ao Público e Comunicação Escolar.html;9;Autoral — rotina escolar;Material aprofundado do projeto [Gaby];"https://www.planalto.gov.br/ccivil_03/leis/l8069compilado.htm; https://planalto.gov.br/ccivil_03/_ato2015-2018/2018/lei/l13709compilado.htm; https://www.planalto.gov.br/ccivil_03/_ato2015-2018/2017/lei/l13460.htm";
S09-Q10;05_Secretario_Escola/Secretário de Escola 09 - Atendimento ao Público e Comunicação Escolar.html;10;Autoral — rotina escolar;Material aprofundado do projeto [Gaby];"https://www.planalto.gov.br/ccivil_03/leis/l8069compilado.htm; https://planalto.gov.br/ccivil_03/_ato2015-2018/2018/lei/l13709compilado.htm; https://www.planalto.gov.br/ccivil_03/_ato2015-2018/2017/lei/l13460.htm";
S10-Q01;05_Secretario_Escola/Secretário de Escola 10 - Relações Humanas, Ética, Sigilo e Assiduidade.html;1;Autoral — rotina escolar;Material aprofundado do projeto [Gaby];"https://planalto.gov.br/ccivil_03/_ato2015-2018/2018/lei/l13709compilado.htm; https://www.planalto.gov.br/ccivil_03/constituicao/constituicao.htm";
S10-Q02;05_Secretario_Escola/Secretário de Escola 10 - Relações Humanas, Ética, Sigilo e Assiduidade.html;2;Autoral — rotina escolar;Material aprofundado do projeto [Gaby];"https://planalto.gov.br/ccivil_03/_ato2015-2018/2018/lei/l13709compilado.htm; https://www.planalto.gov.br/ccivil_03/constituicao/constituicao.htm";
S10-Q03;05_Secretario_Escola/Secretário de Escola 10 - Relações Humanas, Ética, Sigilo e Assiduidade.html;3;Autoral — rotina escolar;Material aprofundado do projeto [Gaby];"https://planalto.gov.br/ccivil_03/_ato2015-2018/2018/lei/l13709compilado.htm; https://www.planalto.gov.br/ccivil_03/constituicao/constituicao.htm";
S10-Q04;05_Secretario_Escola/Secretário de Escola 10 - Relações Humanas, Ética, Sigilo e Assiduidade.html;4;Autoral — rotina escolar;Material aprofundado do projeto [Gaby];"https://planalto.gov.br/ccivil_03/_ato2015-2018/2018/lei/l13709compilado.htm; https://www.planalto.gov.br/ccivil_03/constituicao/constituicao.htm";
S10-Q05;05_Secretario_Escola/Secretário de Escola 10 - Relações Humanas, Ética, Sigilo e Assiduidade.html;5;Autoral — rotina escolar;Material aprofundado do projeto [Gaby];"https://planalto.gov.br/ccivil_03/_ato2015-2018/2018/lei/l13709compilado.htm; https://www.planalto.gov.br/ccivil_03/constituicao/constituicao.htm";
S10-Q06;05_Secretario_Escola/Secretário de Escola 10 - Relações Humanas, Ética, Sigilo e Assiduidade.html;6;Autoral — rotina escolar;Material aprofundado do projeto [Gaby];"https://planalto.gov.br/ccivil_03/_ato2015-2018/2018/lei/l13709compilado.htm; https://www.planalto.gov.br/ccivil_03/constituicao/constituicao.htm";
S10-Q07;05_Secretario_Escola/Secretário de Escola 10 - Relações Humanas, Ética, Sigilo e Assiduidade.html;7;Autoral — rotina escolar;Material aprofundado do projeto [Gaby];"https://planalto.gov.br/ccivil_03/_ato2015-2018/2018/lei/l13709compilado.htm; https://www.planalto.gov.br/ccivil_03/constituicao/constituicao.htm";
S10-Q08;05_Secretario_Escola/Secretário de Escola 10 - Relações Humanas, Ética, Sigilo e Assiduidade.html;8;Autoral — rotina escolar;Material aprofundado do projeto [Gaby];"https://planalto.gov.br/ccivil_03/_ato2015-2018/2018/lei/l13709compilado.htm; https://www.planalto.gov.br/ccivil_03/constituicao/constituicao.htm";
S10-Q09;05_Secretario_Escola/Secretário de Escola 10 - Relações Humanas, Ética, Sigilo e Assiduidade.html;9;Autoral — rotina escolar;Material aprofundado do projeto [Gaby];"https://planalto.gov.br/ccivil_03/_ato2015-2018/2018/lei/l13709compilado.htm; https://www.planalto.gov.br/ccivil_03/constituicao/constituicao.htm";
S10-Q10;05_Secretario_Escola/Secretário de Escola 10 - Relações Humanas, Ética, Sigilo e Assiduidade.html;10;Autoral — rotina escolar;Material aprofundado do projeto [Gaby];"https://planalto.gov.br/ccivil_03/_ato2015-2018/2018/lei/l13709compilado.htm; https://www.planalto.gov.br/ccivil_03/constituicao/constituicao.htm";
S11-Q01;05_Secretario_Escola/Secretário de Escola 11 - Censo Escolar e Informações Educacionais.html;1;Autoral — rotina escolar;Material aprofundado do projeto [Gaby];"https://www.gov.br/inep/pt-br/areas-de-atuacao/pesquisas-estatisticas-e-indicadores/censo-escolar/etapas-da-coleta; https://www.gov.br/inep/pt-br/acesso-a-informacao/perguntas-frequentes/censo-escolar";
S11-Q02;05_Secretario_Escola/Secretário de Escola 11 - Censo Escolar e Informações Educacionais.html;2;Autoral — rotina escolar;Material aprofundado do projeto [Gaby];"https://www.gov.br/inep/pt-br/areas-de-atuacao/pesquisas-estatisticas-e-indicadores/censo-escolar/etapas-da-coleta; https://www.gov.br/inep/pt-br/acesso-a-informacao/perguntas-frequentes/censo-escolar";
S11-Q03;05_Secretario_Escola/Secretário de Escola 11 - Censo Escolar e Informações Educacionais.html;3;Autoral — rotina escolar;Material aprofundado do projeto [Gaby];"https://www.gov.br/inep/pt-br/areas-de-atuacao/pesquisas-estatisticas-e-indicadores/censo-escolar/etapas-da-coleta; https://www.gov.br/inep/pt-br/acesso-a-informacao/perguntas-frequentes/censo-escolar";
S11-Q04;05_Secretario_Escola/Secretário de Escola 11 - Censo Escolar e Informações Educacionais.html;4;Autoral — rotina escolar;Material aprofundado do projeto [Gaby];"https://www.gov.br/inep/pt-br/areas-de-atuacao/pesquisas-estatisticas-e-indicadores/censo-escolar/etapas-da-coleta; https://www.gov.br/inep/pt-br/acesso-a-informacao/perguntas-frequentes/censo-escolar";
S11-Q05;05_Secretario_Escola/Secretário de Escola 11 - Censo Escolar e Informações Educacionais.html;5;Autoral — rotina escolar;Material aprofundado do projeto [Gaby];"https://www.gov.br/inep/pt-br/areas-de-atuacao/pesquisas-estatisticas-e-indicadores/censo-escolar/etapas-da-coleta; https://www.gov.br/inep/pt-br/acesso-a-informacao/perguntas-frequentes/censo-escolar";
S11-Q06;05_Secretario_Escola/Secretário de Escola 11 - Censo Escolar e Informações Educacionais.html;6;Autoral — rotina escolar;Material aprofundado do projeto [Gaby];"https://www.gov.br/inep/pt-br/areas-de-atuacao/pesquisas-estatisticas-e-indicadores/censo-escolar/etapas-da-coleta; https://www.gov.br/inep/pt-br/acesso-a-informacao/perguntas-frequentes/censo-escolar";
S11-Q07;05_Secretario_Escola/Secretário de Escola 11 - Censo Escolar e Informações Educacionais.html;7;Autoral — rotina escolar;Material aprofundado do projeto [Gaby];"https://www.gov.br/inep/pt-br/areas-de-atuacao/pesquisas-estatisticas-e-indicadores/censo-escolar/etapas-da-coleta; https://www.gov.br/inep/pt-br/acesso-a-informacao/perguntas-frequentes/censo-escolar";
S11-Q08;05_Secretario_Escola/Secretário de Escola 11 - Censo Escolar e Informações Educacionais.html;8;Autoral — rotina escolar;Material aprofundado do projeto [Gaby];"https://www.gov.br/inep/pt-br/areas-de-atuacao/pesquisas-estatisticas-e-indicadores/censo-escolar/etapas-da-coleta; https://www.gov.br/inep/pt-br/acesso-a-informacao/perguntas-frequentes/censo-escolar";
S11-Q09;05_Secretario_Escola/Secretário de Escola 11 - Censo Escolar e Informações Educacionais.html;9;Autoral — rotina escolar;Material aprofundado do projeto [Gaby];"https://www.gov.br/inep/pt-br/areas-de-atuacao/pesquisas-estatisticas-e-indicadores/censo-escolar/etapas-da-coleta; https://www.gov.br/inep/pt-br/acesso-a-informacao/perguntas-frequentes/censo-escolar";
S11-Q10;05_Secretario_Escola/Secretário de Escola 11 - Censo Escolar e Informações Educacionais.html;10;Autoral — rotina escolar;Material aprofundado do projeto [Gaby];"https://www.gov.br/inep/pt-br/areas-de-atuacao/pesquisas-estatisticas-e-indicadores/censo-escolar/etapas-da-coleta; https://www.gov.br/inep/pt-br/acesso-a-informacao/perguntas-frequentes/censo-escolar";
